"id_evento","speakers"
"13","1742"
"13","1758"
"33","29"
"289","1742"
"289","1848"
"381","619"
"383","65"
"383","87"
"392","620"
"393","13"
"393","26"
"393","53"
"393","122"
"393","139"
"393","158"
"393","159"
"393","189"
"393","266"
"393","275"
"393","277"
"393","293"
"393","294"
"393","314"
"393","316"
"393","317"
"393","328"
"393","358"
"393","362"
"393","370"
"393","373"
"393","379"
"394","621"
"394","622"
"394","623"
"394","624"
"394","625"
"394","626"
"396","32"
"396","36"
"396","45"
"396","67"
"396","85"
"396","95"
"396","220"
"396","258"
"396","279"
"396","282"
"396","283"
"396","295"
"396","297"
"396","300"
"396","304"
"396","305"
"396","334"
"396","344"
"396","346"
"396","351"
"396","353"
"396","365"
"396","366"
"396","367"
"396","374"
"396","384"
"396","388"
"396","627"
"398","628"
"398","629"
"400","196"
"400","246"
"400","248"
"400","250"
"400","274"
"400","281"
"400","284"
"400","288"
"400","292"
"400","323"
"400","326"
"400","337"
"400","361"
"400","372"
"400","375"
"400","376"
"400","380"
"400","382"
"400","386"
"400","392"
"400","630"
"401","631"
"401","632"
"406","32"
"406","170"
"406","242"
"406","243"
"406","244"
"406","291"
"406","309"
"406","327"
"406","329"
"406","332"
"406","333"
"406","347"
"406","348"
"406","352"
"406","355"
"406","364"
"406","384"
"406","398"
"406","399"
"406","400"
"406","401"
"406","402"
"406","403"
"406","404"
"406","405"
"406","406"
"406","407"
"406","408"
"406","409"
"406","410"
"406","411"
"406","412"
"406","413"
"406","414"
"406","415"
"406","416"
"408","323"
"408","646"
"408","647"
"408","648"
"408","649"
"408","1263"
"408","1264"
"408","1265"
"408","1266"
"408","1267"
"408","1268"
"408","1269"
"410","633"
"410","634"
"410","635"
"410","636"
"410","637"
"410","638"
"410","1272"
"415","89"
"415","126"
"415","252"
"415","259"
"415","269"
"415","273"
"415","302"
"415","307"
"415","308"
"415","330"
"415","390"
"415","394"
"415","1272"
"416","44"
"416","76"
"416","93"
"416","147"
"416","174"
"416","220"
"416","237"
"416","254"
"416","280"
"416","303"
"416","313"
"416","318"
"416","371"
"416","639"
"416","1272"
"418","641"
"418","642"
"418","643"
"418","644"
"418","645"
"418","1272"
"418","1428"
"418","1433"
"418","1447"
"418","1467"
"418","1477"
"418","1483"
"418","1488"
"418","1512"
"418","1566"
"418","1580"
"418","1598"
"418","1602"
"418","1614"
"418","1615"
"418","1625"
"419","115"
"419","170"
"419","241"
"419","255"
"419","264"
"419","265"
"419","276"
"419","287"
"419","291"
"419","299"
"419","321"
"419","332"
"419","339"
"419","357"
"419","385"
"419","391"
"419","393"
"419","395"
"419","1272"
"420","650"
"420","651"
"420","652"
"420","654"
"420","655"
"420","657"
"420","658"
"420","662"
"420","663"
"420","664"
"423","25"
"423","45"
"423","67"
"423","83"
"423","85"
"423","95"
"423","220"
"423","240"
"423","256"
"423","263"
"423","271"
"423","278"
"423","286"
"423","290"
"423","310"
"423","315"
"423","319"
"423","322"
"423","331"
"423","338"
"423","354"
"423","359"
"423","363"
"423","368"
"423","383"
"423","384"
"423","661"
"423","987"
"423","1146"
"423","1272"
"423","1573"
"423","1763"
"423","1794"
"423","1816"
"427","242"
"427","244"
"427","245"
"427","247"
"427","251"
"427","257"
"427","261"
"427","262"
"427","267"
"427","268"
"427","285"
"427","289"
"427","298"
"427","301"
"427","312"
"427","324"
"427","329"
"427","336"
"427","341"
"427","342"
"427","343"
"427","345"
"427","349"
"427","360"
"427","364"
"427","367"
"427","386"
"431","2"
"431","6"
"431","20"
"431","23"
"431","25"
"431","32"
"431","45"
"431","66"
"431","67"
"431","92"
"431","95"
"431","114"
"431","121"
"431","138"
"431","145"
"431","146"
"431","152"
"431","182"
"431","183"
"431","204"
"431","220"
"431","222"
"431","226"
"431","229"
"431","256"
"431","384"
"431","1272"
"433","17"
"433","37"
"433","47"
"433","52"
"433","64"
"433","74"
"433","140"
"433","143"
"433","144"
"433","153"
"433","169"
"433","196"
"433","221"
"433","233"
"433","666"
"433","677"
"433","707"
"433","708"
"433","1272"
"436","7"
"436","9"
"436","10"
"436","11"
"436","34"
"436","72"
"436","75"
"436","79"
"436","80"
"436","127"
"436","128"
"436","167"
"436","172"
"436","194"
"436","208"
"436","232"
"436","1272"
"436","1323"
"436","1742"
"437","30"
"437","31"
"437","42"
"437","46"
"437","56"
"437","69"
"437","84"
"437","91"
"437","100"
"437","105"
"437","106"
"437","112"
"437","120"
"437","176"
"437","177"
"437","179"
"437","180"
"437","185"
"437","190"
"437","201"
"437","215"
"437","216"
"437","224"
"437","689"
"437","723"
"437","981"
"437","1272"
"438","28"
"438","49"
"438","50"
"438","54"
"438","61"
"438","65"
"438","78"
"438","87"
"438","94"
"438","99"
"438","101"
"438","102"
"438","103"
"438","110"
"438","117"
"438","119"
"438","142"
"438","165"
"438","168"
"438","175"
"438","207"
"438","1272"
"439","5"
"439","6"
"439","16"
"439","23"
"439","35"
"439","36"
"439","45"
"439","48"
"439","67"
"439","71"
"439","73"
"439","83"
"439","85"
"439","92"
"439","118"
"439","125"
"439","132"
"439","136"
"439","160"
"439","186"
"439","198"
"439","200"
"439","218"
"439","1272"
"441","1"
"441","19"
"441","21"
"441","24"
"441","29"
"441","51"
"441","57"
"441","107"
"441","115"
"441","126"
"441","133"
"441","135"
"441","170"
"441","178"
"441","183"
"441","191"
"441","214"
"441","217"
"441","223"
"441","235"
"441","384"
"441","688"
"441","713"
"442","12"
"442","13"
"442","15"
"442","26"
"442","27"
"442","53"
"442","60"
"442","96"
"442","97"
"442","98"
"442","109"
"442","111"
"442","116"
"442","122"
"442","123"
"442","134"
"442","139"
"442","149"
"442","150"
"442","151"
"442","156"
"442","158"
"442","159"
"442","181"
"442","189"
"442","192"
"442","193"
"442","227"
"442","228"
"442","275"
"442","317"
"442","667"
"442","1272"
"444","3"
"444","4"
"444","68"
"444","81"
"444","104"
"444","157"
"444","163"
"444","184"
"444","187"
"444","188"
"444","202"
"444","205"
"444","210"
"444","211"
"444","212"
"444","213"
"444","651"
"444","663"
"444","695"
"444","739"
"444","1278"
"445","8"
"445","14"
"445","38"
"445","62"
"445","63"
"445","82"
"445","113"
"445","131"
"445","137"
"445","141"
"445","148"
"445","155"
"445","164"
"445","166"
"445","171"
"445","195"
"445","209"
"445","225"
"445","234"
"445","632"
"445","728"
"447","33"
"447","40"
"447","59"
"447","70"
"447","77"
"447","88"
"447","89"
"447","126"
"447","154"
"447","161"
"447","162"
"447","173"
"447","197"
"447","199"
"447","203"
"447","206"
"447","219"
"447","230"
"447","236"
"447","238"
"447","702"
"447","1272"
"449","45"
"449","66"
"449","67"
"449","89"
"449","92"
"449","121"
"449","138"
"449","152"
"449","182"
"449","222"
"449","272"
"449","273"
"449","325"
"449","335"
"449","384"
"449","388"
"449","389"
"449","396"
"449","397"
"450","619"
"450","631"
"450","632"
"450","653"
"450","656"
"450","659"
"450","660"
"472","6"
"472","45"
"472","67"
"472","85"
"472","92"
"472","95"
"472","384"
"472","821"
"472","1146"
"472","1186"
"472","1190"
"472","1225"
"472","1256"
"472","1686"
"473","68"
"473","637"
"473","1138"
"473","1168"
"473","1185"
"473","1187"
"473","1239"
"473","1252"
"473","1284"
"473","1285"
"473","1286"
"473","1287"
"473","1288"
"473","1289"
"473","1290"
"473","1291"
"473","1292"
"473","1293"
"473","1294"
"473","1295"
"473","1296"
"474","6"
"474","67"
"474","114"
"474","384"
"474","712"
"474","725"
"474","1348"
"474","1349"
"474","1350"
"474","1351"
"474","1352"
"474","1353"
"474","1487"
"474","1515"
"474","1530"
"474","1546"
"474","1595"
"474","1606"
"477","636"
"477","663"
"477","925"
"477","989"
"477","1140"
"477","1150"
"477","1155"
"477","1156"
"477","1157"
"477","1166"
"477","1200"
"477","1227"
"477","1233"
"477","1238"
"477","1242"
"477","1245"
"477","1246"
"477","1492"
"477","1632"
"479","18"
"479","22"
"479","35"
"479","39"
"479","41"
"479","44"
"479","58"
"479","76"
"479","89"
"479","90"
"479","93"
"479","115"
"479","124"
"479","130"
"479","147"
"479","174"
"479","178"
"479","237"
"479","239"
"479","669"
"479","1272"
"480","45"
"480","85"
"480","160"
"480","161"
"480","322"
"480","366"
"480","384"
"480","694"
"480","696"
"480","720"
"480","736"
"480","737"
"480","891"
"480","1128"
"480","1132"
"480","1148"
"480","1149"
"480","1167"
"480","1169"
"480","1175"
"480","1206"
"480","1208"
"480","1218"
"480","1230"
"480","1231"
"480","1250"
"480","1272"
"483","137"
"483","671"
"483","673"
"483","676"
"483","690"
"483","701"
"483","710"
"483","717"
"483","734"
"483","738"
"483","741"
"483","900"
"483","913"
"483","945"
"483","950"
"483","980"
"483","993"
"483","1002"
"483","1003"
"483","1023"
"483","1038"
"483","1092"
"483","1097"
"483","1101"
"483","1103"
"483","1272"
"485","675"
"485","680"
"485","691"
"485","697"
"485","698"
"485","704"
"485","715"
"485","716"
"485","718"
"485","721"
"485","722"
"485","730"
"485","735"
"485","742"
"485","925"
"485","1272"
"485","1645"
"485","1655"
"485","1667"
"485","1668"
"485","1676"
"485","1679"
"485","1684"
"485","1687"
"485","1710"
"485","1723"
"485","1732"
"485","1734"
"485","1735"
"485","1736"
"485","1737"
"485","1740"
"488","246"
"488","386"
"488","630"
"488","684"
"488","692"
"488","729"
"488","1272"
"489","666"
"489","672"
"489","679"
"489","681"
"489","685"
"489","703"
"489","727"
"489","733"
"489","740"
"489","915"
"489","920"
"489","925"
"489","998"
"489","1063"
"489","1079"
"489","1085"
"489","1090"
"489","1100"
"489","1104"
"490","20"
"490","656"
"490","682"
"490","683"
"490","731"
"491","6"
"491","23"
"491","67"
"491","92"
"491","114"
"491","152"
"491","272"
"491","312"
"491","700"
"491","709"
"491","712"
"491","725"
"491","821"
"491","906"
"491","931"
"491","961"
"491","1011"
"491","1017"
"492","884"
"492","895"
"492","916"
"492","979"
"492","988"
"492","1062"
"492","1086"
"492","1105"
"492","1109"
"493","67"
"493","76"
"493","133"
"493","170"
"493","174"
"493","342"
"493","343"
"493","665"
"493","711"
"493","744"
"493","745"
"493","746"
"493","747"
"493","748"
"493","762"
"493","889"
"493","894"
"493","899"
"493","909"
"493","938"
"493","951"
"493","953"
"493","965"
"493","970"
"493","974"
"493","1019"
"493","1081"
"493","1091"
"493","1093"
"493","1110"
"493","1113"
"493","1272"
"493","1273"
"493","1416"
"494","76"
"494","115"
"494","133"
"494","170"
"494","242"
"494","264"
"494","291"
"494","309"
"494","327"
"494","332"
"494","333"
"494","335"
"494","355"
"494","391"
"494","405"
"494","411"
"494","412"
"494","749"
"494","750"
"494","751"
"494","752"
"494","753"
"494","754"
"494","769"
"494","885"
"494","886"
"494","927"
"494","930"
"494","939"
"494","944"
"494","946"
"494","952"
"494","966"
"494","973"
"494","985"
"494","999"
"494","1015"
"494","1020"
"494","1029"
"494","1043"
"494","1044"
"494","1045"
"494","1049"
"494","1095"
"494","1106"
"494","1110"
"494","1111"
"494","1114"
"495","18"
"495","178"
"495","186"
"495","218"
"495","329"
"495","341"
"495","342"
"495","756"
"495","757"
"495","758"
"495","759"
"495","760"
"495","761"
"495","762"
"495","763"
"495","764"
"495","765"
"495","891"
"495","898"
"495","1030"
"495","1048"
"495","1272"
"496","58"
"496","133"
"496","160"
"496","178"
"496","222"
"496","242"
"496","257"
"496","300"
"496","309"
"496","341"
"496","342"
"496","384"
"496","669"
"496","700"
"496","756"
"496","762"
"496","766"
"496","767"
"496","768"
"496","769"
"496","770"
"496","771"
"496","772"
"496","892"
"496","917"
"496","921"
"496","923"
"496","955"
"496","976"
"496","978"
"496","982"
"496","1024"
"496","1040"
"496","1070"
"496","1089"
"496","1117"
"497","22"
"497","93"
"497","667"
"497","773"
"497","774"
"497","775"
"497","776"
"497","777"
"497","778"
"497","779"
"497","780"
"497","781"
"497","782"
"497","813"
"497","881"
"497","907"
"497","922"
"497","933"
"497","957"
"497","989"
"497","992"
"497","1000"
"497","1001"
"497","1016"
"497","1031"
"497","1039"
"497","1056"
"497","1057"
"497","1060"
"497","1064"
"497","1065"
"497","1075"
"497","1076"
"497","1080"
"497","1098"
"497","1115"
"498","2"
"498","67"
"498","297"
"498","384"
"498","783"
"498","784"
"498","785"
"498","786"
"498","787"
"498","788"
"498","789"
"498","790"
"498","791"
"498","919"
"498","1272"
"499","792"
"499","793"
"499","794"
"499","795"
"499","796"
"499","797"
"499","798"
"499","799"
"499","800"
"499","801"
"499","1130"
"500","619"
"500","802"
"500","803"
"500","804"
"500","805"
"500","806"
"500","807"
"500","808"
"500","809"
"500","810"
"500","811"
"500","891"
"500","896"
"500","905"
"500","936"
"500","937"
"500","967"
"500","1018"
"500","1021"
"500","1027"
"500","1036"
"500","1054"
"500","1071"
"500","1078"
"500","1087"
"500","1116"
"502","18"
"502","29"
"502","93"
"502","115"
"502","170"
"502","229"
"502","263"
"502","265"
"502","291"
"502","669"
"502","812"
"502","813"
"502","814"
"502","815"
"502","883"
"502","888"
"502","897"
"502","914"
"502","953"
"502","975"
"502","1009"
"502","1037"
"502","1052"
"502","1053"
"502","1067"
"502","1069"
"502","1108"
"502","1110"
"503","45"
"503","73"
"503","85"
"503","95"
"503","130"
"503","138"
"503","220"
"503","240"
"503","335"
"503","366"
"503","367"
"503","384"
"503","816"
"503","818"
"503","819"
"503","820"
"503","821"
"503","822"
"503","823"
"503","954"
"503","964"
"503","986"
"503","1022"
"503","1046"
"503","1102"
"504","19"
"504","29"
"504","51"
"504","67"
"504","92"
"504","121"
"504","126"
"504","223"
"504","335"
"504","384"
"504","678"
"504","824"
"504","825"
"504","826"
"504","827"
"504","891"
"504","894"
"504","902"
"504","942"
"504","958"
"504","960"
"504","977"
"504","994"
"504","1007"
"504","1008"
"504","1010"
"504","1014"
"504","1276"
"505","39"
"505","252"
"505","269"
"505","273"
"505","308"
"505","311"
"505","369"
"505","392"
"505","828"
"505","829"
"505","830"
"505","831"
"505","832"
"505","833"
"505","834"
"505","835"
"505","1742"
"505","1809"
"505","1853"
"505","1999"
"505","2000"
"505","2001"
"505","2009"
"505","2010"
"505","2011"
"505","2012"
"505","2013"
"505","2014"
"505","2015"
"505","2016"
"505","2017"
"505","2018"
"505","2019"
"505","2020"
"505","2021"
"505","2022"
"505","2023"
"506","115"
"506","170"
"506","225"
"506","241"
"506","255"
"506","264"
"506","265"
"506","276"
"506","291"
"506","299"
"506","332"
"506","364"
"506","385"
"506","391"
"506","393"
"506","395"
"506","837"
"506","838"
"506","1162"
"506","1235"
"506","1259"
"507","69"
"507","125"
"507","839"
"507","840"
"507","841"
"507","842"
"507","843"
"507","844"
"507","845"
"507","846"
"507","848"
"507","849"
"507","850"
"507","851"
"507","852"
"507","853"
"507","854"
"507","855"
"507","941"
"507","943"
"507","947"
"507","962"
"507","972"
"507","981"
"507","1005"
"507","1026"
"507","1042"
"507","1270"
"507","1271"
"507","1418"
"508","670"
"508","856"
"508","857"
"508","858"
"508","859"
"508","860"
"508","861"
"508","862"
"508","863"
"508","864"
"508","865"
"508","866"
"508","867"
"508","868"
"508","869"
"508","870"
"508","871"
"508","1129"
"508","1135"
"508","1177"
"508","1199"
"508","1221"
"508","1229"
"508","1240"
"508","1253"
"508","1261"
"508","1272"
"509","345"
"509","665"
"509","872"
"509","873"
"509","874"
"509","875"
"509","876"
"509","877"
"509","878"
"509","879"
"509","880"
"510","76"
"510","93"
"510","329"
"510","342"
"510","343"
"510","345"
"510","404"
"510","762"
"510","770"
"510","771"
"510","965"
"510","1091"
"510","1188"
"510","1193"
"510","1216"
"510","1241"
"510","1446"
"510","1470"
"510","1493"
"510","1518"
"510","1545"
"510","1562"
"510","1567"
"510","1575"
"510","1603"
"510","1626"
"510","1631"
"511","386"
"511","891"
"511","1131"
"511","1134"
"511","1136"
"511","1137"
"511","1142"
"511","1154"
"511","1161"
"511","1171"
"511","1172"
"511","1174"
"511","1181"
"511","1189"
"511","1191"
"511","1194"
"511","1210"
"511","1211"
"511","1220"
"511","1223"
"511","1228"
"511","1236"
"511","1247"
"511","1249"
"511","1255"
"511","1260"
"512","335"
"512","800"
"512","890"
"512","1127"
"512","1133"
"512","1143"
"512","1145"
"512","1158"
"512","1159"
"512","1160"
"512","1163"
"512","1176"
"512","1178"
"512","1179"
"512","1182"
"512","1184"
"512","1201"
"512","1205"
"512","1207"
"512","1209"
"512","1212"
"512","1213"
"512","1217"
"512","1224"
"512","1232"
"512","1251"
"512","1254"
"512","1257"
"512","1262"
"512","1272"
"513","770"
"513","1141"
"513","1147"
"513","1153"
"513","1165"
"513","1195"
"513","1197"
"513","1198"
"513","1214"
"513","1226"
"513","1234"
"513","1244"
"513","1248"
"513","1258"
"513","1426"
"513","1475"
"513","1478"
"513","1525"
"513","1527"
"513","1533"
"513","1572"
"513","1578"
"513","1607"
"513","1622"
"513","1627"
"514","813"
"514","1152"
"515","6"
"515","23"
"515","66"
"515","67"
"515","92"
"515","114"
"515","130"
"515","222"
"515","384"
"515","821"
"515","877"
"515","1151"
"515","1192"
"515","1202"
"515","1203"
"515","1280"
"515","1281"
"515","1283"
"516","115"
"516","243"
"516","288"
"516","291"
"516","1019"
"516","1116"
"516","1552"
"516","1719"
"516","1742"
"516","1863"
"516","1865"
"516","1866"
"516","1867"
"516","1868"
"516","1869"
"516","1870"
"516","1871"
"516","1873"
"516","1874"
"516","1875"
"516","1879"
"516","1882"
"516","1883"
"516","1884"
"516","1887"
"516","1888"
"516","1889"
"516","1890"
"516","1891"
"516","1893"
"516","1894"
"516","1895"
"516","1896"
"516","1899"
"516","1900"
"516","1901"
"516","1902"
"516","2049"
"517","74"
"517","630"
"517","666"
"517","672"
"517","707"
"517","891"
"517","1742"
"517","2082"
"517","2083"
"517","2084"
"517","2085"
"517","2086"
"517","2087"
"517","2088"
"517","2089"
"517","2090"
"517","2091"
"517","2092"
"517","2094"
"517","2095"
"517","2096"
"517","2098"
"517","2099"
"517","2100"
"517","2101"
"517","2102"
"517","2111"
"517","2112"
"518","115"
"518","170"
"518","264"
"518","265"
"518","291"
"518","327"
"518","332"
"518","335"
"518","391"
"518","393"
"518","395"
"518","405"
"518","412"
"518","837"
"518","838"
"518","917"
"518","1008"
"518","1742"
"518","2113"
"518","2114"
"518","2115"
"518","2116"
"518","2127"
"518","2143"
"518","2144"
"519","291"
"519","318"
"519","412"
"519","838"
"519","1113"
"519","1608"
"519","1664"
"519","1742"
"519","2094"
"519","2130"
"519","2131"
"519","2132"
"519","2133"
"519","2134"
"519","2135"
"519","2136"
"519","2137"
"519","2138"
"519","2139"
"519","2140"
"520","637"
"520","891"
"520","1139"
"520","1185"
"520","1252"
"520","1286"
"520","1290"
"520","1742"
"520","2154"
"520","2184"
"520","2185"
"520","2186"
"520","2187"
"520","2188"
"520","2189"
"520","2190"
"520","2191"
"520","2192"
"520","2193"
"520","2194"
"520","2195"
"520","2196"
"520","2197"
"520","2199"
"520","2200"
"520","2204"
"520","2205"
"520","2207"
"520","2217"
"521","6"
"521","18"
"521","93"
"521","115"
"521","151"
"521","237"
"521","1069"
"521","1515"
"521","1742"
"521","1992"
"521","1993"
"521","1994"
"521","1995"
"521","1996"
"521","1997"
"521","1998"
"521","2003"
"521","2004"
"521","2005"
"521","2006"
"521","2007"
"521","2008"
"521","2025"
"521","2131"
"521","2145"
"521","2146"
"521","2147"
"522","111"
"522","139"
"522","150"
"522","151"
"522","189"
"522","275"
"522","1742"
"522","1825"
"522","1826"
"522","1827"
"522","1828"
"522","1829"
"522","1830"
"522","1831"
"522","1832"
"522","1833"
"522","1834"
"522","1835"
"522","1836"
"522","1837"
"522","1838"
"522","1839"
"522","1840"
"522","1841"
"522","1842"
"522","1843"
"522","1844"
"522","1845"
"522","1846"
"522","1847"
"522","1848"
"522","1849"
"522","1850"
"522","1851"
"522","1852"
"522","1853"
"522","1854"
"522","2024"
"523","175"
"523","229"
"523","256"
"523","359"
"523","700"
"523","782"
"523","914"
"523","931"
"523","1115"
"523","1190"
"523","1531"
"523","1742"
"523","1754"
"523","1792"
"523","1793"
"523","1794"
"523","1795"
"523","1796"
"523","1797"
"523","1798"
"523","1799"
"523","1800"
"523","1801"
"523","1802"
"523","1803"
"523","1804"
"523","1805"
"524","87"
"524","168"
"524","630"
"524","1173"
"524","1180"
"524","1219"
"524","1297"
"524","1298"
"524","1299"
"524","1300"
"524","1302"
"524","1303"
"524","1304"
"524","1305"
"524","1306"
"524","1307"
"524","1308"
"524","1309"
"524","1310"
"524","1311"
"524","1312"
"524","1313"
"524","1314"
"524","1315"
"524","1316"
"524","1317"
"524","1318"
"524","1319"
"524","1320"
"524","1321"
"524","1322"
"524","1323"
"524","1324"
"524","1325"
"524","1326"
"524","1327"
"524","1328"
"525","92"
"525","342"
"525","665"
"525","745"
"525","917"
"525","974"
"525","1009"
"525","1111"
"525","1354"
"525","1355"
"525","1356"
"525","1357"
"525","1358"
"525","1359"
"525","1360"
"525","1361"
"525","1362"
"525","1363"
"525","1364"
"525","1365"
"525","1406"
"525","1431"
"525","1454"
"525","1469"
"525","1521"
"525","1537"
"525","1539"
"525","1568"
"525","1633"
"526","17"
"526","246"
"526","386"
"526","1172"
"526","1366"
"526","1367"
"526","1368"
"526","1369"
"526","1370"
"526","1371"
"526","1372"
"526","1373"
"526","1374"
"526","1375"
"526","1376"
"526","1377"
"526","1509"
"526","1565"
"526","1574"
"526","1604"
"526","1609"
"526","1611"
"527","20"
"527","300"
"527","619"
"527","632"
"527","656"
"527","659"
"527","660"
"527","682"
"527","1329"
"527","1330"
"527","1331"
"527","1332"
"527","1333"
"527","1334"
"528","406"
"528","679"
"528","1378"
"528","1379"
"528","1380"
"528","1381"
"528","1382"
"528","1383"
"528","1384"
"528","1385"
"528","1386"
"528","1387"
"528","1388"
"528","1389"
"528","1390"
"528","1391"
"528","1392"
"528","1393"
"528","1394"
"528","1395"
"528","1742"
"529","76"
"529","133"
"529","174"
"529","778"
"529","927"
"529","958"
"529","965"
"529","1041"
"529","1243"
"529","1396"
"529","1397"
"529","1398"
"529","1399"
"529","1400"
"529","1401"
"529","1402"
"529","1403"
"529","1404"
"529","1405"
"529","1406"
"529","1407"
"529","1408"
"529","1409"
"529","1410"
"529","1411"
"529","1513"
"529","1517"
"529","1545"
"530","25"
"530","45"
"530","85"
"530","95"
"530","130"
"530","197"
"530","220"
"530","239"
"530","271"
"530","310"
"530","315"
"530","322"
"530","363"
"530","366"
"530","384"
"530","661"
"530","769"
"530","1412"
"530","1413"
"530","1414"
"530","1415"
"530","1742"
"530","2545"
"530","2546"
"530","2547"
"530","2548"
"531","309"
"531","415"
"531","686"
"531","693"
"531","706"
"531","714"
"531","901"
"531","918"
"531","963"
"531","1047"
"531","1074"
"531","1335"
"531","1336"
"531","1337"
"531","1338"
"531","1339"
"531","1340"
"531","1341"
"531","1342"
"531","1343"
"531","1344"
"531","1345"
"531","1346"
"531","1347"
"532","107"
"532","133"
"532","170"
"532","355"
"532","765"
"532","821"
"532","838"
"532","891"
"532","958"
"532","965"
"532","1045"
"532","1243"
"532","1400"
"532","1401"
"532","1407"
"532","1424"
"532","1439"
"532","1443"
"532","1444"
"532","1448"
"532","1474"
"532","1479"
"532","1480"
"532","1484"
"532","1486"
"532","1494"
"532","1497"
"532","1511"
"532","1534"
"532","1540"
"532","1561"
"532","1570"
"532","1605"
"533","628"
"533","629"
"533","632"
"533","1644"
"533","1649"
"533","1652"
"533","1653"
"533","1654"
"533","1658"
"533","1661"
"533","1674"
"533","1675"
"533","1682"
"533","1693"
"533","1694"
"533","1696"
"533","1700"
"533","1703"
"533","1708"
"533","1711"
"533","1712"
"533","1714"
"533","1720"
"533","1727"
"533","1729"
"534","35"
"534","133"
"534","170"
"534","291"
"534","348"
"534","371"
"534","404"
"534","792"
"534","965"
"534","1259"
"534","1399"
"534","1419"
"534","1427"
"534","1440"
"534","1441"
"534","1450"
"534","1455"
"534","1456"
"534","1460"
"534","1485"
"534","1489"
"534","1490"
"534","1505"
"534","1516"
"534","1541"
"534","1543"
"534","1552"
"534","1557"
"534","1569"
"534","1583"
"534","1585"
"534","1588"
"534","1589"
"534","1590"
"534","1592"
"534","1593"
"534","1596"
"534","1599"
"534","1600"
"534","1610"
"534","1617"
"534","1619"
"534","1620"
"534","1628"
"534","1630"
"534","1639"
"535","2"
"535","32"
"535","92"
"535","174"
"535","218"
"535","335"
"535","384"
"535","404"
"535","891"
"535","1403"
"535","1651"
"535","1662"
"535","1664"
"535","1669"
"535","1670"
"535","1671"
"535","1688"
"535","1689"
"535","1705"
"535","1707"
"535","1719"
"536","2"
"536","29"
"536","217"
"536","355"
"536","413"
"536","1425"
"536","1430"
"536","1432"
"536","1442"
"536","1449"
"536","1459"
"536","1468"
"536","1471"
"536","1472"
"536","1473"
"536","1491"
"536","1496"
"536","1507"
"536","1515"
"536","1522"
"536","1523"
"536","1524"
"536","1528"
"536","1529"
"536","1531"
"536","1532"
"536","1535"
"536","1548"
"536","1559"
"536","1563"
"536","1571"
"536","1579"
"536","1608"
"536","1613"
"536","1624"
"536","1634"
"536","1640"
"536","1643"
"537","29"
"537","132"
"537","133"
"537","711"
"537","891"
"537","893"
"537","930"
"537","1116"
"537","1406"
"537","1460"
"537","1540"
"537","1616"
"537","1648"
"537","1659"
"537","1666"
"537","1672"
"537","1677"
"537","1692"
"537","1699"
"537","1702"
"537","1709"
"537","1713"
"537","1716"
"537","1721"
"537","1724"
"537","1730"
"537","1731"
"537","1733"
"537","1738"
"540","18"
"540","25"
"540","93"
"540","147"
"540","178"
"540","237"
"540","953"
"540","1007"
"540","1081"
"540","1515"
"540","1742"
"540","1909"
"540","1910"
"540","1911"
"540","1912"
"540","1913"
"540","1914"
"541","1"
"541","355"
"541","413"
"541","726"
"541","891"
"541","1008"
"541","1460"
"541","1742"
"541","1763"
"541","1855"
"541","1856"
"541","1857"
"541","1858"
"541","1859"
"541","1860"
"541","1861"
"541","1862"
"541","2107"
"541","2108"
"541","2109"
"541","2110"
"541","2541"
"541","2542"
"542","192"
"542","948"
"542","1464"
"542","1515"
"542","1742"
"542","1775"
"542","2103"
"542","2104"
"542","2105"
"542","2106"
"542","2309"
"542","2310"
"542","2311"
"542","2312"
"542","2313"
"542","2314"
"542","2315"
"542","2316"
"542","2317"
"542","2318"
"542","2319"
"542","2320"
"542","2321"
"542","2322"
"542","2323"
"542","2324"
"543","6"
"543","23"
"543","25"
"543","93"
"543","121"
"543","404"
"543","665"
"543","688"
"543","891"
"543","925"
"543","974"
"543","1421"
"543","1429"
"543","1445"
"543","1452"
"543","1453"
"543","1458"
"543","1462"
"543","1476"
"543","1499"
"543","1506"
"543","1536"
"543","1542"
"543","1551"
"543","1555"
"543","1558"
"543","1560"
"543","1573"
"543","1582"
"543","1618"
"543","1623"
"543","1642"
"544","6"
"544","23"
"544","25"
"544","66"
"544","67"
"544","92"
"544","95"
"544","114"
"544","138"
"544","152"
"544","182"
"544","222"
"544","226"
"544","359"
"544","366"
"544","384"
"544","713"
"544","1080"
"544","1146"
"544","1190"
"544","1225"
"544","1256"
"544","1421"
"544","1536"
"544","1573"
"544","1671"
"544","1742"
"544","1743"
"544","1744"
"544","1745"
"544","1746"
"544","1747"
"544","1748"
"544","1749"
"544","1750"
"544","1754"
"544","1769"
"545","2"
"545","784"
"545","787"
"545","1594"
"545","1742"
"545","1751"
"545","1752"
"545","1753"
"546","309"
"546","355"
"546","678"
"546","693"
"546","724"
"546","751"
"546","824"
"546","893"
"546","903"
"546","924"
"546","930"
"546","951"
"546","971"
"546","987"
"546","1070"
"546","1072"
"546","1118"
"546","1338"
"546","1408"
"546","1742"
"546","1754"
"546","1756"
"546","1757"
"546","1758"
"546","1759"
"546","1760"
"546","1761"
"546","1762"
"546","1763"
"546","1764"
"546","1765"
"546","1766"
"546","1767"
"546","1768"
"546","1769"
"546","1770"
"546","1771"
"546","1772"
"546","1773"
"546","1806"
"546","1807"
"546","1808"
"547","1181"
"547","1574"
"547","1644"
"547","1742"
"547","1774"
"547","1775"
"547","1776"
"547","1777"
"547","1778"
"547","1779"
"547","1780"
"547","1781"
"547","1782"
"547","1783"
"547","1784"
"547","1785"
"547","1786"
"547","1787"
"547","1788"
"547","1789"
"547","1791"
"549","309"
"549","329"
"549","355"
"549","364"
"549","678"
"549","686"
"549","693"
"549","705"
"549","706"
"549","711"
"549","714"
"549","719"
"549","724"
"549","726"
"549","743"
"549","766"
"549","887"
"549","890"
"549","893"
"549","901"
"549","903"
"549","908"
"549","910"
"549","911"
"549","912"
"549","918"
"549","924"
"549","926"
"549","928"
"549","929"
"549","930"
"549","934"
"549","935"
"549","948"
"549","949"
"549","956"
"549","959"
"549","963"
"549","969"
"549","971"
"549","983"
"549","984"
"549","987"
"549","995"
"549","996"
"549","997"
"549","1006"
"549","1012"
"549","1013"
"549","1014"
"549","1025"
"549","1028"
"549","1030"
"549","1032"
"549","1033"
"549","1035"
"549","1041"
"549","1047"
"549","1050"
"549","1051"
"549","1055"
"549","1058"
"549","1059"
"549","1061"
"549","1066"
"549","1072"
"549","1074"
"549","1077"
"549","1088"
"549","1096"
"549","1099"
"549","1107"
"549","1112"
"549","1118"
"549","1119"
"549","1272"
"549","1279"
"552","201"
"552","891"
"552","981"
"552","1514"
"552","1597"
"554","6"
"554","19"
"554","23"
"554","45"
"554","66"
"554","67"
"554","92"
"554","95"
"554","114"
"554","121"
"554","126"
"554","130"
"554","138"
"554","145"
"554","152"
"554","174"
"554","229"
"554","270"
"554","359"
"554","366"
"554","384"
"554","700"
"554","821"
"554","1017"
"554","1225"
"554","1280"
"554","1495"
"554","1508"
"554","1560"
"558","174"
"558","708"
"558","841"
"558","891"
"558","1211"
"558","1292"
"558","1420"
"558","1422"
"558","1423"
"558","1434"
"558","1435"
"558","1436"
"558","1437"
"558","1438"
"558","1451"
"558","1461"
"558","1463"
"558","1464"
"558","1465"
"558","1466"
"558","1481"
"558","1482"
"558","1498"
"558","1500"
"558","1501"
"558","1502"
"558","1503"
"558","1504"
"558","1510"
"558","1519"
"558","1520"
"558","1526"
"558","1544"
"558","1549"
"558","1550"
"558","1553"
"558","1556"
"558","1576"
"558","1577"
"558","1581"
"558","1584"
"558","1586"
"558","1601"
"558","1635"
"559","891"
"559","1646"
"559","1647"
"559","1650"
"559","1656"
"559","1657"
"559","1660"
"559","1663"
"559","1665"
"559","1673"
"559","1678"
"559","1680"
"559","1681"
"559","1683"
"559","1685"
"559","1691"
"559","1695"
"559","1697"
"559","1698"
"559","1701"
"559","1704"
"559","1706"
"559","1715"
"559","1717"
"559","1718"
"559","1722"
"559","1725"
"559","1726"
"559","1728"
"559","1739"
"559","1741"
"561","630"
"561","1742"
"561","1903"
"561","1904"
"561","1905"
"561","1906"
"561","1907"
"561","1908"
"561","1915"
"561","1916"
"561","1917"
"561","1918"
"561","1919"
"561","1920"
"561","1921"
"561","1922"
"561","1923"
"561","1924"
"561","1925"
"561","1926"
"561","1927"
"561","1928"
"561","1929"
"561","1930"
"561","1931"
"561","2439"
"561","2440"
"561","2441"
"561","2442"
"561","2443"
"561","2444"
"562","670"
"562","857"
"562","858"
"562","859"
"562","861"
"562","862"
"562","865"
"562","868"
"562","870"
"562","891"
"562","1129"
"562","1199"
"562","1221"
"562","1253"
"562","1742"
"562","1809"
"562","1810"
"562","1811"
"562","1812"
"562","1813"
"562","1814"
"562","1815"
"562","1816"
"562","1817"
"562","1818"
"562","1819"
"562","1820"
"562","1821"
"562","1822"
"562","1823"
"563","1159"
"563","1178"
"563","1742"
"563","1932"
"563","1933"
"563","1934"
"563","1935"
"563","1937"
"563","1938"
"563","1939"
"563","1941"
"563","1943"
"563","1945"
"563","1947"
"563","1949"
"563","1950"
"563","1952"
"563","1953"
"563","1955"
"563","1957"
"563","1958"
"563","1960"
"563","1962"
"563","1964"
"563","1965"
"563","1967"
"563","1968"
"563","1969"
"563","1971"
"563","1973"
"563","1975"
"563","1976"
"563","1978"
"563","1981"
"564","25"
"564","29"
"564","92"
"564","186"
"564","725"
"564","821"
"564","1186"
"564","1490"
"564","1515"
"564","1530"
"564","1742"
"564","2026"
"564","2027"
"564","2028"
"564","2029"
"564","2030"
"564","2031"
"564","2032"
"564","2033"
"564","2034"
"564","2035"
"564","2036"
"564","2037"
"564","2038"
"564","2039"
"564","2040"
"564","2173"
"565","133"
"565","170"
"565","309"
"565","352"
"565","355"
"565","413"
"565","648"
"565","711"
"565","744"
"565","751"
"565","924"
"565","952"
"565","1030"
"565","1041"
"565","1048"
"565","1059"
"565","1243"
"565","1479"
"565","1742"
"565","1936"
"565","1946"
"565","1948"
"565","1951"
"565","1954"
"565","1956"
"565","1959"
"565","1961"
"565","1963"
"565","1966"
"565","1970"
"565","1974"
"565","1984"
"565","1985"
"565","1986"
"565","1988"
"565","1989"
"565","1990"
"565","1991"
"565","2047"
"566","28"
"566","49"
"566","50"
"566","87"
"566","110"
"566","117"
"566","142"
"566","165"
"566","1180"
"566","1219"
"566","1304"
"566","1742"
"566","1832"
"566","2041"
"566","2042"
"566","2043"
"566","2044"
"566","2045"
"566","2046"
"567","167"
"567","710"
"567","1742"
"567","1902"
"567","1991"
"567","2061"
"567","2062"
"567","2063"
"567","2064"
"567","2065"
"567","2066"
"567","2067"
"567","2068"
"567","2069"
"567","2070"
"567","2071"
"567","2072"
"567","2073"
"567","2074"
"567","2075"
"567","2076"
"567","2077"
"567","2078"
"567","2079"
"567","2080"
"567","2081"
"568","335"
"568","1742"
"568","2050"
"568","2051"
"568","2052"
"568","2053"
"568","2055"
"568","2056"
"568","2057"
"568","2058"
"568","2059"
"568","2060"
"569","1252"
"569","1285"
"569","1286"
"569","1515"
"569","1742"
"569","2148"
"569","2149"
"569","2150"
"569","2151"
"569","2152"
"569","2154"
"569","2155"
"569","2156"
"569","2157"
"570","36"
"570","45"
"570","170"
"570","291"
"570","302"
"570","335"
"570","341"
"570","342"
"570","348"
"570","816"
"570","927"
"570","1081"
"570","1111"
"570","1216"
"570","1424"
"570","1490"
"570","1664"
"570","1708"
"570","1716"
"570","1742"
"570","1985"
"570","2174"
"570","2175"
"570","2176"
"570","2177"
"570","2178"
"570","2179"
"570","2180"
"570","2181"
"570","2182"
"570","2183"
"571","29"
"571","93"
"571","133"
"571","178"
"571","223"
"571","239"
"571","688"
"571","762"
"571","974"
"571","1490"
"571","1742"
"571","1761"
"571","2228"
"571","2229"
"571","2230"
"571","2231"
"571","2232"
"571","2233"
"571","2234"
"571","2235"
"571","2236"
"571","2250"
"572","1"
"572","2"
"572","92"
"572","133"
"572","191"
"572","665"
"572","669"
"572","750"
"572","762"
"572","1110"
"572","1111"
"572","1113"
"572","1360"
"572","1432"
"572","1496"
"572","1507"
"572","1634"
"572","1742"
"572","1762"
"572","1795"
"572","1997"
"572","2237"
"572","2238"
"572","2239"
"572","2240"
"572","2241"
"572","2242"
"572","2243"
"572","2244"
"572","2246"
"572","2247"
"572","2248"
"572","2249"
"573","46"
"573","841"
"573","850"
"573","855"
"573","943"
"573","1526"
"573","1576"
"573","1577"
"573","1581"
"573","1742"
"573","2252"
"573","2253"
"573","2254"
"573","2255"
"573","2256"
"573","2257"
"573","2258"
"573","2259"
"573","2260"
"573","2261"
"573","2263"
"573","2264"
"573","2265"
"573","2266"
"575","675"
"575","680"
"575","697"
"575","698"
"575","716"
"575","722"
"575","730"
"575","735"
"575","1491"
"575","1655"
"575","1734"
"575","1735"
"575","1736"
"575","1740"
"575","1742"
"575","2267"
"575","2268"
"575","2269"
"575","2270"
"575","2271"
"575","2272"
"575","2273"
"575","2275"
"575","2276"
"575","2277"
"575","2278"
"575","2279"
"575","2280"
"575","2281"
"575","2282"
"575","2283"
"575","2285"
"575","2286"
"575","2287"
"575","2288"
"575","2289"
"575","2290"
"575","2291"
"575","2292"
"575","2293"
"575","2294"
"575","2295"
"575","2296"
"575","2297"
"575","2299"
"575","2300"
"575","2301"
"575","2302"
"575","2303"
"575","2304"
"575","2305"
"575","2306"
"575","2307"
"575","2308"
"575","2325"
"575","2326"
"576","620"
"576","1383"
"576","1742"
"576","2398"
"576","2399"
"576","2400"
"576","2401"
"576","2402"
"576","2403"
"576","2405"
"576","2406"
"576","2407"
"576","2408"
"576","2410"
"576","2411"
"576","2438"
"576","2463"
"584","160"
"584","279"
"584","1021"
"584","1615"
"584","1680"
"584","1742"
"584","2040"
"584","2365"
"584","2366"
"584","2367"
"584","2368"
"584","2369"
"584","2370"
"584","2371"
"584","2372"
"584","2373"
"584","2374"
"584","2375"
"584","2376"
"584","2377"
"584","2378"
"584","2468"
"585","2"
"585","6"
"585","18"
"585","23"
"585","67"
"585","92"
"585","93"
"585","115"
"585","178"
"585","291"
"585","332"
"585","665"
"585","821"
"585","891"
"585","1469"
"585","1480"
"585","1742"
"585","1913"
"585","2218"
"585","2219"
"585","2220"
"585","2221"
"585","2222"
"585","2223"
"585","2224"
"585","2225"
"585","2226"
"586","47"
"586","708"
"586","891"
"586","1742"
"586","2098"
"586","2331"
"586","2332"
"586","2333"
"586","2335"
"586","2336"
"586","2337"
"586","2338"
"586","2339"
"586","2340"
"586","2341"
"586","2342"
"586","2343"
"586","2344"
"586","2345"
"586","2347"
"586","2348"
"586","2349"
"586","2350"
"586","2351"
"586","2352"
"586","2353"
"587","891"
"587","1742"
"587","1888"
"587","2379"
"587","2380"
"587","2381"
"587","2382"
"587","2383"
"587","2384"
"587","2385"
"587","2386"
"587","2387"
"587","2388"
"587","2389"
"587","2390"
"587","2391"
"587","2392"
"587","2393"
"587","2394"
"587","2395"
"587","2396"
"587","2412"
"589","29"
"589","1528"
"589","1531"
"589","1640"
"589","1742"
"589","2413"
"589","2414"
"589","2415"
"589","2416"
"589","2418"
"589","2419"
"589","2420"
"589","2421"
"589","2422"
"589","2423"
"589","2424"
"589","2425"
"589","2426"
"589","2427"
"589","2428"
"589","2429"
"589","2430"
"589","2431"
"589","2432"
"589","2433"
"589","2434"
"589","2435"
"589","2436"
"589","2437"
"590","291"
"590","327"
"590","335"
"590","389"
"590","404"
"590","788"
"590","821"
"590","958"
"590","974"
"590","1008"
"590","1110"
"590","1111"
"590","1446"
"590","1490"
"590","1496"
"590","1507"
"590","1543"
"590","1634"
"590","1664"
"590","1742"
"590","2132"
"590","2469"
"590","2470"
"590","2471"
"590","2472"
"590","2473"
"590","2474"
"590","2475"
"590","2476"
"590","2540"
"591","630"
"591","1173"
"591","1180"
"591","1320"
"591","1325"
"591","1412"
"591","1742"
"591","2482"
"591","2483"
"591","2484"
"591","2485"
"591","2486"
"591","2487"
"591","2488"
"591","2489"
"591","2490"
"591","2491"
"591","2492"
"591","2493"
"591","2494"
"591","2495"
"591","2496"
"591","2497"
"591","2498"
"591","2499"
"591","2500"
"591","2501"
"591","2502"
"591","2503"
"591","2504"
"591","2505"
"591","2506"
"591","2507"
"591","2508"
"591","2509"
"591","2510"
"591","2511"
"591","2512"
"591","2513"
"591","2514"
"592","125"
"592","291"
"592","1231"
"592","1742"
"592","2179"
"592","2253"
"592","2265"
"592","2502"
"592","2517"
"592","2518"
"592","2519"
"592","2520"
"592","2521"
"592","2522"
"592","2523"
"592","2524"
"592","2525"
"592","2526"
"592","2527"
"592","2529"
"592","2530"
"592","2531"
"592","2533"
"592","2536"
"592","2538"
"592","2539"
"595","29"
"595","711"
"595","814"
"595","958"
"595","982"
"595","1216"
"595","1243"
"595","1338"
"595","1399"
"595","1439"
"595","1448"
"595","1513"
"595","1534"
"595","1742"
"595","2118"
"595","2119"
"595","2120"
"595","2122"
"595","2123"
"595","2124"
"595","2125"
"595","2126"
"596","29"
"596","1008"
"596","1742"
"596","2141"
"596","2142"
"596","2158"
"596","2159"
"596","2160"
"596","2161"
"596","2162"
"596","2163"
"596","2164"
"596","2165"
"596","2166"
"596","2167"
"596","2168"
"596","2169"
"596","2170"
"596","2171"
"596","2172"
"604","9"
"604","309"
"604","355"
"604","647"
"604","686"
"604","693"
"604","706"
"604","714"
"604","924"
"604","949"
"604","963"
"604","995"
"604","1055"
"604","1074"
"604","1338"
"604","1433"
"604","1742"
"604","1763"
"604","1770"
"604","2174"
"604","2375"
"604","2813"
"604","2816"
"604","2817"
"604","2818"
"604","2821"
"604","2822"
"604","2823"
"604","2825"
"604","2827"
"604","2828"
"604","2829"
"604","2832"
"604","2833"
"604","2834"
"604","2835"
"604","2837"
"604","2838"
"604","2841"
"604","2843"
"604","2844"
"604","2846"
"604","2847"
"604","2848"
"604","2849"
"604","2850"
"604","2852"
"604","2854"
"604","2855"
"604","2857"
"605","800"
"605","801"
"605","1130"
"605","1133"
"605","1143"
"605","1145"
"605","1159"
"605","1163"
"605","1179"
"605","1182"
"605","1184"
"605","1201"
"605","1207"
"605","1212"
"605","1215"
"605","1232"
"605","1251"
"605","1254"
"605","1262"
"605","1742"
"605","2208"
"605","2209"
"605","2210"
"605","2211"
"605","2212"
"605","2213"
"605","2214"
"605","2215"
"605","2216"
"607","386"
"607","630"
"607","1742"
"607","2445"
"607","2446"
"607","2447"
"607","2448"
"607","2449"
"607","2450"
"607","2451"
"607","2452"
"607","2453"
"607","2454"
"607","2455"
"607","2456"
"607","2457"
"607","2458"
"607","2459"
"607","2460"
"607","2461"
"607","2462"
"607","2464"
"607","2465"
"607","2466"
"607","2467"
"607","2477"
"607","2478"
"607","2479"
"607","2480"
"607","2481"
"607","2544"
"608","24"
"608","115"
"608","133"
"608","170"
"608","186"
"608","242"
"608","291"
"608","327"
"608","333"
"608","335"
"608","342"
"608","347"
"608","348"
"608","385"
"608","402"
"608","405"
"608","409"
"608","412"
"608","683"
"608","751"
"608","753"
"608","930"
"608","952"
"608","1045"
"608","1114"
"608","1399"
"608","1479"
"608","1742"
"608","1920"
"608","2174"
"608","2651"
"608","2652"
"608","2654"
"608","2656"
"608","2657"
"608","2659"
"608","2660"
"608","2661"
"608","2662"
"608","2664"
"608","2665"
"608","2666"
"609","253"
"609","340"
"609","650"
"609","822"
"609","1742"
"609","2034"
"609","2691"
"609","2692"
"609","2693"
"609","2694"
"609","2696"
"609","2697"
"609","2700"
"609","2702"
"609","2703"
"609","2704"
"609","2706"
"609","2707"
"609","2708"
"609","2716"
"609","2718"
"609","2719"
"609","2724"
"609","2727"
"609","2728"
"609","2729"
"609","2732"
"609","2733"
"609","2734"
"609","2737"
"609","2738"
"610","6"
"610","23"
"610","92"
"610","114"
"610","135"
"610","226"
"610","256"
"610","286"
"610","359"
"610","661"
"610","725"
"610","821"
"610","1536"
"610","1742"
"611","6"
"611","19"
"611","23"
"611","25"
"611","67"
"611","92"
"611","95"
"611","114"
"611","130"
"611","146"
"611","204"
"611","222"
"611","226"
"611","229"
"611","384"
"611","821"
"611","1515"
"611","1536"
"611","1742"
"611","1927"
"611","2327"
"611","2328"
"611","2329"
"611","2330"
"612","355"
"612","903"
"612","908"
"612","930"
"612","971"
"612","1460"
"612","1742"
"612","1764"
"612","1766"
"612","1773"
"612","2354"
"612","2355"
"612","2356"
"612","2357"
"612","2358"
"612","2359"
"612","2360"
"612","2361"
"612","2362"
"612","2363"
"612","2364"
"613","132"
"613","133"
"613","138"
"613","309"
"613","321"
"613","341"
"613","410"
"613","766"
"613","768"
"613","772"
"613","955"
"613","982"
"613","1041"
"613","1216"
"613","1436"
"613","1742"
"613","2551"
"613","2555"
"613","2559"
"613","2564"
"613","2566"
"613","2567"
"613","2568"
"613","2569"
"613","2571"
"613","2578"
"613","2583"
"613","2589"
"613","2593"
"613","2594"
"613","2595"
"613","2598"
"613","2599"
"613","2601"
"613","2602"
"613","2603"
"613","2606"
"613","2607"
"613","2608"
"613","2609"
"613","2610"
"613","2611"
"613","2612"
"613","2613"
"613","2615"
"613","2616"
"613","2617"
"614","46"
"614","708"
"614","1211"
"614","1420"
"614","1423"
"614","1463"
"614","1464"
"614","1481"
"614","1500"
"614","1501"
"614","1502"
"614","1504"
"614","1510"
"614","1520"
"614","1562"
"614","1742"
"614","2255"
"614","2332"
"614","2618"
"614","2620"
"614","2621"
"614","2625"
"614","2626"
"614","2627"
"614","2628"
"614","2629"
"614","2630"
"614","2632"
"614","2633"
"614","2636"
"614","2637"
"614","2641"
"614","2642"
"614","2643"
"614","2644"
"614","2645"
"614","2646"
"614","2647"
"614","2648"
"615","1211"
"615","1459"
"615","1549"
"615","1742"
"615","1819"
"615","2256"
"615","2257"
"615","2328"
"615","2520"
"615","2667"
"615","2669"
"615","2670"
"615","2672"
"615","2673"
"615","2674"
"615","2675"
"615","2677"
"615","2678"
"615","2679"
"615","2680"
"615","2681"
"615","2683"
"615","2684"
"615","2685"
"615","2686"
"615","2687"
"615","2688"
"615","2689"
"616","81"
"616","891"
"616","1742"
"616","2740"
"616","2771"
"616","2772"
"616","2777"
"616","2781"
"616","2782"
"616","2783"
"616","2784"
"616","2786"
"616","2787"
"616","2788"
"616","2790"
"616","2791"
"616","2792"
"616","2793"
"616","2794"
"616","2796"
"616","2797"
"616","2798"
"616","2800"
"616","2801"
"616","2805"
"616","2806"
"616","2807"
"616","2808"
"616","2809"
"616","2810"
"616","2811"
"617","25"
"617","115"
"617","178"
"617","264"
"617","393"
"617","712"
"617","837"
"617","1053"
"617","1348"
"617","1500"
"617","1515"
"617","1742"
"617","1767"
"617","2742"
"617","2744"
"617","2745"
"617","2746"
"617","2748"
"617","2750"
"617","2770"
"618","90"
"618","191"
"618","321"
"618","409"
"618","416"
"618","760"
"618","951"
"618","1446"
"618","1666"
"618","1742"
"618","2595"
"618","2751"
"618","2753"
"618","2754"
"618","2755"
"618","2756"
"618","2758"
"618","2760"
"618","2763"
"619","891"
"619","1742"
"619","2869"
"619","2870"
"619","2871"
"619","2872"
"619","2873"
"619","2874"
"619","2875"
"619","2876"
"619","2878"
"619","2880"
"619","2881"
"619","2882"
"619","2883"
"619","2884"
"619","2885"
"619","2886"
"619","2887"
"619","2888"
"619","2889"
"619","2890"
"619","2891"
"619","2892"
"619","2893"
"619","2894"
"619","2895"
"619","2896"
"619","2897"
"619","2898"
"619","2899"
"619","2900"
"619","2902"
"619","2903"
"619","2904"
"619","2905"
"619","2906"
"619","2908"
"619","2909"
"619","2913"
"619","2916"
"619","2918"
"619","2919"
"619","2926"
"619","2928"
"619","2930"
"619","2937"
"619","2939"
"619","2941"
"619","2942"
"619","2943"
"619","2944"
"619","2945"
"619","2946"
"619","2947"
"619","2948"
"619","2949"
"619","2950"
"619","2951"
"619","2952"
"619","2953"
"619","2954"
"619","2955"
"619","2956"
"619","2957"
"619","2958"
"619","2959"
"619","2960"
"619","2961"
"619","2962"
"619","2963"
"619","2964"
"619","2965"
"619","2966"
"619","2968"
"619","2969"
"620","29"
"620","149"
"620","348"
"620","711"
"620","930"
"620","971"
"620","1399"
"620","1406"
"620","1672"
"620","1742"
"620","2174"
"620","2358"
"620","2541"
"620","2584"
"620","2666"
"620","2746"
"620","2986"
"620","3007"
"620","3060"
"620","3061"
"620","3062"
"620","3063"
"620","3064"
"620","3065"
"620","3066"
"620","3067"
"620","3068"
"620","3069"
"620","3070"
"620","3071"
"620","3072"
"620","3073"
"620","3074"
"620","3075"
"621","619"
"621","806"
"621","807"
"621","811"
"621","891"
"621","937"
"621","1742"
"621","2996"
"621","2997"
"621","2998"
"621","2999"
"621","3002"
"621","3005"
"621","3006"
"621","3007"
"621","3008"
"621","3009"
"621","3011"
"621","3012"
"621","3013"
"621","3016"
"621","3017"
"621","3018"
"621","3019"
"621","3020"
"621","3021"
"621","3024"
"621","3025"
"621","3029"
"621","3030"
"621","3031"
"621","3032"
"621","3035"
"621","3038"
"621","3039"
"621","3040"
"621","3041"
"621","3042"
"621","3043"
"621","3044"
"621","3047"
"621","3048"
"621","3049"
"621","3050"
"621","3052"
"621","3053"
"621","3057"
"621","3058"
"621","3076"
"623","646"
"623","648"
"623","649"
"623","891"
"623","1172"
"623","1264"
"623","1742"
"623","3092"
"623","3093"
"623","3094"
"623","3095"
"623","3096"
"623","3097"
"623","3099"
"623","3101"
"623","3103"
"623","3105"
"623","3107"
"623","3109"
"623","3110"
"623","3112"
"623","3113"
"623","3114"
"623","3115"
"624","1742"
"624","3077"
"624","3078"
"624","3079"
"624","3080"
"624","3081"
"624","3082"
"624","3083"
"624","3084"
"624","3085"
"624","3086"
"624","3087"
"624","3088"
"624","3089"
"624","3090"
"624","3091"
"625","2"
"625","762"
"625","787"
"625","1742"
"625","1927"
"625","3142"
"625","3143"
"625","3144"
"625","3145"
"625","3146"
"625","3148"
"627","23"
"627","67"
"627","92"
"627","114"
"627","670"
"627","877"
"627","1203"
"627","1515"
"627","1742"
"627","1754"
"627","2856"
"627","2859"
"627","2860"
"627","2861"
"627","2864"
"627","2865"
"627","2866"
"627","2867"
"627","2911"
"627","2912"
"628","32"
"628","45"
"628","76"
"628","85"
"628","92"
"628","133"
"628","335"
"628","364"
"628","389"
"628","404"
"628","782"
"628","1045"
"628","1115"
"628","1490"
"628","1742"
"628","1985"
"628","2178"
"628","2180"
"628","2660"
"628","2695"
"628","2970"
"628","2974"
"628","2975"
"628","2976"
"628","2977"
"628","2978"
"628","2981"
"628","2983"
"628","2984"
"628","2985"
"628","2986"
"628","2987"
"628","2989"
"628","2990"
"628","2992"
"628","2993"
"628","2995"
"629","29"
"629","402"
"629","1008"
"629","1742"
"629","2142"
"629","3149"
"629","3151"
"629","3152"
"629","3153"
"629","3154"
"629","3155"
"629","3156"
"629","3157"
"630","58"
"630","76"
"630","133"
"630","174"
"630","178"
"630","220"
"630","321"
"630","384"
"630","404"
"630","413"
"630","770"
"630","838"
"630","891"
"630","917"
"630","965"
"630","1006"
"630","1009"
"630","1188"
"630","1666"
"630","1742"
"630","2117"
"630","2541"
"630","2584"
"630","3007"
"630","3263"
"630","3279"
"630","3280"
"630","3283"
"630","3287"
"630","3288"
"630","3289"
"630","3290"
"630","3292"
"630","3294"
"630","3295"
"630","3298"
"630","3300"
"630","3301"
"631","25"
"631","748"
"631","873"
"631","876"
"631","894"
"631","909"
"631","1742"
"631","1847"
"631","2111"
"631","2206"
"631","3310"
"631","3311"
"631","3313"
"631","3314"
"631","3315"
"631","3316"
"631","3317"
"631","3318"
"631","3319"
"631","3320"
"631","3321"
"631","3322"
"631","3323"
"631","3324"
"631","3325"
"631","3327"
"631","3328"
"631","3329"
"631","3330"
"631","3331"
"631","3332"
"631","3333"
"631","3334"
"631","3337"
"631","3338"
"632","1129"
"632","1734"
"632","1742"
"632","3179"
"632","3181"
"632","3182"
"632","3187"
"632","3188"
"632","3190"
"632","3191"
"632","3192"
"632","3193"
"632","3195"
"632","3196"
"632","3197"
"632","3198"
"632","3201"
"632","3202"
"632","3203"
"632","3204"
"632","3206"
"632","3207"
"632","3209"
"632","3210"
"632","3211"
"632","3215"
"632","3216"
"632","3217"
"633","133"
"633","186"
"633","324"
"633","329"
"633","413"
"633","678"
"633","683"
"633","924"
"633","982"
"633","1020"
"633","1030"
"633","1243"
"633","1401"
"633","1489"
"633","1727"
"633","1742"
"633","1783"
"633","1961"
"633","2578"
"633","3132"
"633","3225"
"633","3229"
"633","3230"
"633","3232"
"633","3233"
"633","3235"
"633","3236"
"633","3240"
"633","3242"
"633","3243"
"633","3244"
"633","3248"
"633","3249"
"633","3250"
"633","3251"
"633","3254"
"633","3255"
"633","3257"
"633","3258"
"633","3260"
"633","3262"
"633","3263"
"633","3264"
"633","3265"
"633","3266"
"633","3268"
"635","1742"
"635","3302"
"635","3303"
"635","3304"
"635","3305"
"635","3306"
"635","3307"
"635","3308"
"635","3309"
"636","29"
"636","1542"
"636","1742"
"636","2416"
"636","3339"
"636","3340"
"636","3341"
"636","3342"
"636","3343"
"636","3344"
"636","3345"
"636","3346"
"636","3347"
"636","3348"
"636","3349"
"637","1111"
"637","1650"
"637","1732"
"637","1742"
"637","3356"
"637","3358"
"637","3362"
"637","3363"
"637","3365"
"637","3368"
"637","3374"
"637","3377"
"637","3378"
"637","3380"
"637","3382"
"637","3383"
"637","3384"
"637","3385"
"637","3386"
"637","3387"
"637","3388"
"637","3389"
"637","3390"
"637","3391"
"637","3392"
"637","3393"
"637","3397"
"637","3400"
"637","3404"
"637","3405"
"637","3407"
"637","3408"
"637","3410"
"637","3415"
"637","3416"
"637","3417"
"637","3418"
"637","3420"
"637","3421"
"637","3423"
"637","3424"
"637","3427"
"642","1139"
"642","1168"
"642","1185"
"642","1286"
"642","1742"
"642","2184"
"642","3475"
"642","3476"
"642","3477"
"642","3478"
"642","3479"
"642","3480"
"642","3481"
"642","3482"
"642","3483"
"642","3484"
"642","3485"
"642","3486"
"642","3487"
"642","3488"
"642","3490"
"642","3491"
"642","3492"
"642","3493"
"642","3495"
"643","23"
"643","29"
"643","67"
"643","92"
"643","114"
"643","1350"
"643","1406"
"643","1530"
"643","1742"
"643","3273"
"643","3557"
"643","3559"
"643","3560"
"643","3561"
"643","3563"
"645","29"
"645","76"
"645","133"
"645","329"
"645","838"
"645","879"
"645","958"
"645","1399"
"645","1400"
"645","1402"
"645","1407"
"645","1446"
"645","1742"
"645","2118"
"645","2372"
"645","3497"
"645","3502"
"645","3564"
"645","3565"
"647","45"
"647","66"
"647","85"
"647","182"
"647","263"
"647","271"
"647","315"
"647","322"
"647","359"
"647","363"
"647","366"
"647","384"
"647","1413"
"647","1671"
"647","1742"
"647","1754"
"647","2219"
"647","3576"
"647","3578"
"647","3579"
"647","3580"
"647","3581"
"647","3583"
"647","3584"
"647","3585"
"647","3587"
"647","3588"
"647","3589"
"647","3590"
"647","3591"
"649","746"
"649","774"
"649","1742"
"649","2446"
"649","3158"
"649","3159"
"649","3160"
"649","3161"
"649","3162"
"649","3163"
"649","3164"
"649","3165"
"649","3166"
"649","3169"
"649","3170"
"649","3171"
"649","3172"
"649","3175"
"649","3176"
"649","3177"
"649","3178"
"650","170"
"650","291"
"650","335"
"650","412"
"650","787"
"650","971"
"650","999"
"650","1110"
"650","1111"
"650","1359"
"650","1360"
"650","1490"
"650","1507"
"650","1742"
"650","1753"
"650","2219"
"650","2245"
"650","2651"
"650","3456"
"650","3457"
"650","3458"
"650","3459"
"650","3461"
"650","3462"
"650","3463"
"650","3464"
"650","3465"
"650","3467"
"650","3468"
"650","3469"
"650","3470"
"650","3471"
"650","3472"
"650","3473"
"652","630"
"652","1302"
"652","1316"
"652","1742"
"652","2028"
"652","2509"
"652","3116"
"652","3117"
"652","3118"
"652","3119"
"652","3120"
"652","3121"
"652","3122"
"652","3124"
"652","3125"
"652","3126"
"652","3127"
"652","3128"
"652","3129"
"652","3130"
"652","3131"
"652","3132"
"652","3133"
"652","3134"
"652","3135"
"652","3136"
"652","3137"
"652","3138"
"652","3140"
"652","3141"
"653","23"
"653","66"
"653","67"
"653","92"
"653","114"
"653","222"
"653","384"
"653","821"
"653","1530"
"653","1742"
"653","1754"
"653","1801"
"653","2864"
"653","3269"
"653","3270"
"653","3271"
"653","3272"
"653","3273"
"653","3275"
"653","3276"
"653","3277"
"655","800"
"655","1133"
"655","1143"
"655","1145"
"655","1176"
"655","1179"
"655","1184"
"655","1201"
"655","1207"
"655","1213"
"655","1215"
"655","1224"
"655","1742"
"655","2214"
"655","2215"
"655","3430"
"655","3431"
"655","3432"
"655","3433"
"655","3434"
"655","3435"
"655","3436"
"655","3438"
"655","3439"
"655","3440"
"655","3441"
"655","3446"
"655","3450"
"655","3453"
"655","3455"
"657","62"
"657","1211"
"657","1335"
"657","1742"
"657","2796"
"657","2928"
"657","3350"
"657","3351"
"657","3352"
"657","3353"
"657","3354"
"657","3355"
"657","3618"
"657","3619"
"657","3620"
"657","3621"
"657","3622"
"657","3623"
"657","3624"
"657","3625"
"657","3626"
"657","3627"
"657","3628"
"657","3629"
"657","3631"
"657","3632"
"657","3633"
"657","3634"
"657","3635"
"657","3636"
"657","3637"
"657","3638"
"657","3639"
"657","3643"
"657","3644"
"657","3645"
"657","3646"
"657","3647"
"657","3648"
"657","3649"
"657","3650"
"657","3651"
"659","16"
"659","779"
"659","881"
"659","1211"
"659","1742"
"659","2066"
"659","2261"
"659","2263"
"659","2531"
"659","2621"
"659","2689"
"659","3509"
"659","3510"
"659","3513"
"659","3514"
"659","3519"
"659","3525"
"659","3526"
"659","3528"
"659","3529"
"659","3530"
"659","3531"
"659","3533"
"659","3534"
"659","3538"
"659","3546"
"659","3548"
"659","3549"
"659","3550"
"659","3551"
"659","3552"
"660","46"
"660","1211"
"660","1451"
"660","1520"
"660","1742"
"660","2253"
"660","2255"
"660","3510"
"660","3567"
"660","3570"
"660","3574"
"660","3575"
"661","1185"
"661","1286"
"661","1742"
"661","2193"
"661","3483"
"661","3492"
"661","3493"
"661","3610"
"661","3611"
"661","3612"
"661","3613"
"661","3614"
"661","3615"
"661","3616"
"661","3617"
"661","3652"
"663","1742"
"663","2174"
"663","3214"
"663","3592"
"663","3593"
"663","3594"
"663","3595"
"663","3596"
"663","3597"
"663","3598"
"663","3599"
"663","3601"
"663","3602"
"663","3603"
"663","3604"
"663","3606"
"663","3607"
"663","3608"
"663","3609"
"675","220"
"675","228"
"675","629"
"675","632"
"675","1514"
"675","1652"
"675","1658"
"675","1661"
"675","1693"
"675","1694"
"675","1729"
"675","1742"
"675","2546"
"675","3669"
"675","3670"
"675","3671"
"675","3672"
"675","3673"
"675","3675"
"675","3676"
"675","3677"
"675","3678"
"675","3679"
"675","3680"
"675","3681"
"675","3682"
"675","3683"
"675","3684"
"675","3685"
"675","3686"
"675","3687"
"675","3689"
"675","3690"
"675","3691"
"676","736"
"676","2536"
"676","3654"
"676","3655"
"676","3656"
"677","386"
"677","1131"
"677","1134"
"677","1181"
"677","1191"
"677","1330"
"677","1370"
"677","1742"
"677","3657"
"677","3658"
"677","3661"
"677","3662"
"677","3663"
"677","3664"
"677","3665"
"677","3666"
"677","3667"
"677","3668"
"678","3696"
"678","3697"
"678","3698"
"678","3699"
"678","3700"
"678","3701"
"678","3702"
"678","3703"
"678","3704"
"678","3705"
"678","3711"
"678","3712"
"678","3718"
"678","3722"
"678","3723"
"678","3724"
"678","3725"
"680","278"
"680","3570"
"680","3695"
"680","3729"
"680","3730"
"680","3731"
"680","3732"
"680","3733"
"680","3734"
"680","3735"
"680","3736"
"680","3737"
"680","3738"
"680","3739"
"680","3740"
"680","3741"
"680","3742"
"680","3743"
"680","3744"
"680","3747"
"680","3748"
"680","3749"
"680","3750"
"680","3751"
"680","3752"
"680","3754"
"680","3755"
"680","3756"
"680","3758"
"680","3759"
"680","3760"
"680","3761"
"680","3762"
"681","67"
"681","92"
"681","114"
"681","229"
"681","384"
"681","914"
"681","1017"
"681","1280"
"681","1530"
"681","3269"
"681","3278"
"681","3563"
"681","3692"
"681","3693"
"681","3694"
"683","27"
"683","53"
"683","139"
"683","150"
"683","151"
"683","189"
"683","192"
"683","3797"
"683","3798"
"683","3799"
"683","3800"
"683","3802"
"683","3803"
"683","3804"
"683","3805"
"683","3806"
"683","3807"
"683","3808"
"683","3809"
"683","3810"
"683","3811"
"683","3812"
"683","3813"
"683","3814"
"683","3815"
"683","3816"
"683","3817"
"683","3818"
"683","3819"
"683","3820"
"683","3821"
"683","3822"
"684","3077"
"684","3081"
"684","3091"
"684","3763"
"684","3764"
"684","3765"
"684","3766"
"684","3767"
"684","3768"
"684","3769"
"684","3770"
"684","3771"
"686","23"
"686","93"
"686","182"
"686","253"
"686","270"
"686","340"
"686","359"
"686","822"
"686","953"
"686","1110"
"686","1146"
"686","1186"
"686","1515"
"686","2712"
"686","2722"
"686","2726"
"686","2860"
"686","3108"
"686","3277"
"686","3829"
"686","3830"
"686","3831"
"686","3832"
"686","3833"
"686","3834"
"686","3835"
"686","3836"
"686","3838"
"686","3839"
"686","3840"
"686","3841"
"686","3842"
"686","3843"
"686","3844"
"686","3845"
"686","3846"
"687","49"
"687","65"
"687","87"
"687","99"
"687","119"
"687","1307"
"687","1428"
"687","1646"
"687","2042"
"687","2045"
"687","2046"
"687","3849"
"687","3850"
"687","3851"
"687","3852"
"687","3853"
"687","3854"
"687","3855"
"687","3865"
"688","29"
"688","2758"
"688","3150"
"688","3772"
"688","3773"
"688","3775"
"688","3776"
"688","3777"
"688","3778"
"688","3779"
"688","3780"
"688","3781"
"688","3782"
"688","3783"
"688","3784"
"688","3785"
"688","3786"
"688","3787"
"688","3788"
"688","3791"
"688","3792"
"688","3793"
"688","3794"
"689","404"
"689","1350"
"689","1353"
"689","1546"
"689","2008"
"689","2748"
"689","2859"
"689","2861"
"689","3274"
"689","3558"
"689","3824"
"689","3825"
"689","3826"
"689","3827"
"689","3828"
"689","3847"
"689","3848"
"690","2444"
"690","3942"
"690","3944"
"690","3946"
"690","3947"
"690","3948"
"690","3949"
"690","3951"
"690","3952"
"690","3954"
"690","3955"
"690","3956"
"690","3958"
"690","3959"
"690","3960"
"690","3961"
"690","3962"
"690","3963"
"690","3964"
"690","3990"
"690","3994"
"690","3995"
"690","3996"
"690","3997"
"690","3998"
"690","4012"
"690","4073"
"691","25"
"691","93"
"691","114"
"691","404"
"691","725"
"691","919"
"691","1069"
"691","1421"
"691","1506"
"691","1542"
"691","1560"
"691","1573"
"691","1582"
"691","3835"
"691","3965"
"691","3966"
"691","3967"
"691","3968"
"691","3969"
"691","3970"
"691","3971"
"691","3972"
"691","3973"
"692","74"
"692","623"
"692","672"
"692","707"
"692","710"
"692","802"
"692","2082"
"692","2084"
"692","2087"
"692","2090"
"692","2928"
"692","3260"
"692","3975"
"692","3976"
"692","3977"
"692","3978"
"692","3980"
"692","3981"
"692","3982"
"692","3983"
"692","3984"
"692","3985"
"692","3986"
"692","3987"
"692","3988"
"692","3989"
"693","637"
"693","1139"
"693","1185"
"693","2217"
"693","3492"
"693","3610"
"693","3612"
"693","3856"
"693","3857"
"693","3858"
"693","3859"
"693","3860"
"693","3861"
"693","3862"
"693","3863"
"694","637"
"694","1292"
"694","3214"
"694","3598"
"694","3609"
"694","3867"
"694","3868"
"694","3869"
"694","3870"
"694","3871"
"694","3872"
"694","3873"
"694","3874"
"694","3875"
"694","3876"
"694","3877"
"694","3878"
"694","3879"
"694","3880"
"694","3881"
"695","1286"
"695","3882"
"695","3883"
"695","3884"
"695","3885"
"695","3886"
"695","3887"
"695","3888"
"695","3889"
"695","3890"
"695","3891"
"695","3892"
"695","3893"
"695","3894"
"695","3895"
"695","3896"
"695","3897"
"695","3898"
"695","3899"
"695","3937"
"695","3938"
"695","3939"
"695","3940"
"696","29"
"696","239"
"696","700"
"696","743"
"696","1480"
"696","1531"
"696","2568"
"696","3564"
"696","3900"
"696","3901"
"696","3902"
"696","3903"
"696","3904"
"696","3905"
"696","3906"
"696","3907"
"696","3908"
"696","3909"
"696","3910"
"696","3911"
"696","3912"
"696","3913"
"696","3914"
"696","3915"
"696","3916"
"696","3917"
"696","3918"
"696","3919"
"696","3920"
"696","3921"
"696","3922"
"696","3923"
"696","3924"
"696","3925"
"696","3926"
"696","3927"
"696","3928"
"697","1139"
"697","1286"
"697","1515"
"697","2198"
"697","2205"
"697","2217"
"697","3478"
"697","3481"
"697","3487"
"697","3495"
"697","3857"
"697","4064"
"697","4065"
"697","4066"
"697","4068"
"697","4069"
"697","4070"
"697","4071"
"697","4072"
"698","708"
"698","1211"
"698","1481"
"698","1502"
"698","1510"
"698","1520"
"698","1526"
"698","1544"
"698","1581"
"698","1742"
"698","2256"
"698","2644"
"698","4075"
"698","4076"
"698","4077"
"698","4078"
"698","4079"
"698","4080"
"698","4081"
"699","800"
"699","1130"
"699","1133"
"699","1143"
"699","1145"
"699","1160"
"699","1164"
"699","1176"
"699","1179"
"699","1182"
"699","1184"
"699","1201"
"699","1212"
"699","1215"
"699","1217"
"699","1251"
"699","1254"
"699","2107"
"699","2214"
"699","3428"
"699","3430"
"699","3431"
"699","3433"
"699","3436"
"699","3447"
"699","3929"
"699","3930"
"699","3931"
"699","3932"
"699","3933"
"699","3934"
"699","3935"
"699","3936"
"700","680"
"700","698"
"700","716"
"700","721"
"700","735"
"700","802"
"700","856"
"700","1732"
"700","1882"
"700","2277"
"700","2278"
"700","2280"
"700","2284"
"700","2294"
"700","2297"
"700","2300"
"700","3183"
"700","3370"
"700","4017"
"700","4018"
"700","4019"
"700","4020"
"700","4021"
"700","4022"
"700","4023"
"700","4024"
"700","4025"
"700","4026"
"700","4027"
"700","4028"
"700","4029"
"700","4030"
"700","4031"
"700","4032"
"700","4033"
"700","4034"
"700","4035"
"700","4036"
"700","4037"
"700","4038"
"700","4039"
"700","4040"
"700","4041"
"700","4042"
"700","4043"
"700","4044"
"700","4045"
"700","4046"
"700","4047"
"700","4048"
"700","4049"
"700","4050"
"700","4051"
"700","4052"
"700","4054"
"700","4055"
"700","4056"
"700","4057"
"700","4058"
"700","4059"
"700","4060"
"702","69"
"702","85"
"702","92"
"702","160"
"702","186"
"702","279"
"702","342"
"702","364"
"702","413"
"702","1124"
"702","1132"
"702","1742"
"702","1963"
"702","2006"
"702","2537"
"702","2591"
"702","4016"
"702","4084"
"702","4201"
"702","4202"
"702","4203"
"702","4204"
"702","4205"
"702","4207"
"702","4208"
"702","4210"
"702","4212"
"702","4213"
"702","4214"
"702","4215"
"702","4218"
"702","4220"
"702","4221"
"702","4223"
"702","4224"
"702","4225"
"702","4267"
"703","1124"
"703","1647"
"703","1656"
"703","1657"
"703","1665"
"703","1678"
"703","1685"
"703","1698"
"703","1715"
"703","1725"
"703","1741"
"703","2381"
"703","3957"
"703","4230"
"703","4231"
"703","4235"
"703","4238"
"703","4239"
"703","4240"
"703","4241"
"703","4242"
"703","4243"
"703","4244"
"703","4245"
"703","4247"
"703","4249"
"703","4251"
"703","4252"
"703","4253"
"703","4254"
"703","4255"
"703","4256"
"703","4257"
"703","4258"
"703","4259"
"703","4260"
"703","4261"
"703","4264"
"703","4266"
"703","4269"
"704","23"
"704","25"
"704","29"
"704","1640"
"704","1742"
"704","2413"
"704","2415"
"704","2416"
"704","2419"
"704","2420"
"704","2425"
"704","2431"
"704","2435"
"704","2436"
"704","2437"
"704","3348"
"704","3999"
"704","4000"
"704","4001"
"704","4100"
"704","4101"
"704","4102"
"704","4103"
"704","4104"
"704","4105"
"704","4106"
"704","4107"
"704","4108"
"704","4110"
"704","4111"
"704","4113"
"704","4119"
"704","4129"
"704","4131"
"704","4132"
"704","4138"
"704","4139"
"704","4140"
"704","4141"
"704","4142"
"704","4143"
"704","4144"
"705","20"
"705","300"
"705","302"
"705","632"
"705","656"
"705","659"
"705","660"
"705","807"
"705","1116"
"705","1329"
"705","1332"
"705","4002"
"705","4003"
"705","4005"
"705","4006"
"705","4007"
"705","4009"
"705","4097"
"706","23"
"706","25"
"706","92"
"706","1476"
"706","2228"
"706","2231"
"706","3966"
"706","4082"
"706","4083"
"706","4084"
"706","4085"
"706","4086"
"706","4088"
"706","4089"
"706","4092"
"706","4094"
"706","4095"
"706","4096"
"706","4226"
"708","225"
"708","2527"
"708","2679"
"708","4146"
"708","4147"
"708","4148"
"708","4149"
"708","4150"
"708","4151"
"708","4153"
"708","4154"
"708","4155"
"708","4156"
"708","4157"
"708","4158"
"708","4159"
"708","4160"
"708","4161"
"708","4162"
"708","4163"
"708","4165"
"708","4166"
"708","4167"
"708","4168"
"708","4169"
"708","4170"
"708","4172"
"709","386"
"709","1124"
"709","2445"
"709","2455"
"709","2466"
"709","2467"
"709","2478"
"709","2479"
"709","4174"
"709","4177"
"709","4178"
"709","4179"
"709","4180"
"709","4181"
"709","4182"
"709","4184"
"709","4185"
"709","4187"
"709","4188"
"709","4189"
"709","4190"
"709","4191"
"709","4195"
"709","4199"
"709","4200"
"709","4268"
"709","4270"
"709","4271"
"721","93"
"721","178"
"721","291"
"721","335"
"721","656"
"721","919"
"721","1110"
"721","1111"
"721","1357"
"721","1490"
"721","1543"
"721","1634"
"721","1662"
"721","2242"
"721","2474"
"721","2476"
"721","2540"
"721","2979"
"721","3280"
"721","3317"
"721","3459"
"721","3461"
"721","3789"
"721","3912"
"721","4376"
"721","4377"
"721","4379"
"721","4380"
"721","4383"
"721","4385"
"721","4386"
"721","4389"
"721","4390"
"737","246"
"737","1124"
"737","1182"
"737","1376"
"737","2339"
"737","4314"
"737","4315"
"737","4317"
"737","4413"
"737","4414"
"737","4417"
"737","4418"
"737","4419"
"737","4421"
"737","4422"
"737","4423"
"737","4424"
"737","4426"
"737","4429"
"737","4430"
"737","4431"
"737","4432"
"737","4433"
"737","4434"
"737","4435"
"737","4437"
"737","4438"
"737","4439"
"737","4440"
"737","4441"
"737","4442"
"737","4443"
"738","1130"
"738","1143"
"738","1159"
"738","1179"
"738","1201"
"738","1215"
"738","1232"
"738","2216"
"738","2339"
"738","3434"
"738","3436"
"738","3448"
"738","3454"
"738","3935"
"738","4287"
"738","4288"
"738","4289"
"738","4290"
"738","4291"
"739","412"
"739","2975"
"739","4272"
"739","4273"
"739","4274"
"739","4278"
"739","4279"
"739","4280"
"739","4281"
"739","4282"
"739","4283"
"739","4284"
"739","4285"
"739","4286"
"739","4319"
"743","630"
"743","1180"
"743","1299"
"743","1515"
"743","2493"
"743","2495"
"743","2508"
"743","4293"
"743","4296"
"743","4297"
"743","4300"
"743","4301"
"743","4302"
"744","18"
"744","93"
"744","133"
"744","349"
"744","664"
"744","894"
"744","1515"
"744","2621"
"744","3263"
"744","3293"
"744","4310"
"744","4311"
"744","4312"
"745","1124"
"745","1515"
"745","1729"
"745","2263"
"745","2328"
"745","4303"
"745","4304"
"745","4305"
"745","4318"
"746","178"
"746","335"
"746","1490"
"746","1515"
"746","4307"
"746","4308"
"747","2339"
"747","4314"
"747","4315"
"747","4316"
"747","4317"
"753","1515"
"753","4320"
"753","4323"
"753","4324"
"753","4325"
"753","4327"
"753","4328"
"754","4320"
"754","4321"
"754","4329"
"754","4330"
"754","4331"
"754","4332"
"755","4326"
"755","4333"
"755","4334"
"755","4335"
"759","309"
"759","355"
"759","693"
"759","711"
"759","1460"
"759","1666"
"759","1762"
"759","1764"
"760","1742"
"760","3603"
"760","3605"
"760","4349"
"761","1110"
"761","2241"
"761","4336"
"761","4337"
"762","3529"
"762","4340"
"762","4341"
"762","4342"
"762","4343"
"764","1463"
"764","1481"
"764","1520"
"764","1544"
"765","174"
"765","665"
"765","751"
"765","4353"
"766","1008"
"766","1446"
"766","4348"
"767","4344"
"767","4347"
"767","4350"
"767","4351"
"768","4340"
"768","4346"
"768","4352"
"769","1526"
"769","1584"
"769","2257"
"769","4075"
"770","4362"
"770","4363"
"770","4364"
"770","4365"
"772","3214"
"772","3598"
"772","4349"
"772","4354"
"772","4355"
"773","1124"
"773","3603"
"773","4356"
"773","4357"
"774","1124"
"774","3603"
"774","4358"
"774","4359"
"774","4360"
"774","4361"
"777","309"
"777","329"
"777","352"
"777","364"
"777","693"
"777","714"
"777","719"
"777","910"
"777","924"
"777","930"
"777","951"
"777","1006"
"777","1030"
"777","1047"
"777","1074"
"777","1216"
"777","1335"
"777","1342"
"777","1347"
"777","1460"
"777","1763"
"777","1772"
"777","2828"
"777","3242"
"777","4367"
"777","4368"
"777","4369"
"777","4370"
"777","4371"
"777","4372"
"777","4373"
"778","1185"
"778","1515"
"778","2217"
"778","3480"
"778","3487"
"778","3492"
"778","3861"
"778","4366"
"778","4391"
"778","4393"
"778","4394"
"778","4395"
"778","4396"
"778","4397"
"778","4398"
"778","4399"
"778","4400"
"778","4401"
"778","4402"
"778","4403"
"778","4404"
"778","4406"
"778","4407"
"778","4408"
"778","4410"
"778","4412"
"778","4444"
"779","800"
"779","801"
"779","1124"
"779","1127"
"779","1130"
"779","1145"
"779","1179"
"779","1182"
"779","1184"
"779","1215"
"779","1254"
"779","2215"
"779","2216"
"779","3429"
"779","3430"
"779","3433"
"779","3434"
"779","3437"
"779","3441"
"779","3444"
"779","3446"
"779","3447"
"779","3448"
"779","3449"
"779","3450"
"779","3453"
"779","3454"
"779","4290"
"779","4448"
"779","4449"
"779","4451"
"779","4452"
"779","4453"
"779","4454"
"779","4456"
"779","4458"
"779","4459"
"779","4460"
"779","4461"
"779","4462"
"779","4463"
"779","4464"
"779","4465"
"779","4467"
"779","4468"
"779","4472"
"779","4473"
"779","4474"
"779","4476"
"782","1124"
"782","1143"
"782","3449"
"782","4445"
"782","4446"
"782","4447"
"782","4450"
"782","4458"
"782","4476"
"782","4531"
"782","4532"
"782","4533"
"782","4534"
"782","4535"
"782","4536"
"782","4537"
"782","4538"
"782","4539"
"782","4540"
"782","4541"
"782","4542"
"782","4543"
"782","4544"
"782","4545"
"784","137"
"784","384"
"784","632"
"784","1446"
"784","1494"
"784","1510"
"784","1515"
"784","1526"
"784","1544"
"784","1576"
"784","2053"
"784","2689"
"784","3239"
"784","3246"
"784","4282"
"784","4478"
"784","4482"
"784","4485"
"784","4489"
"784","4490"
"784","4491"
"784","4493"
"784","4494"
"784","4495"
"784","4496"
"784","4497"
"784","4512"
"785","25"
"785","45"
"785","67"
"785","92"
"785","404"
"785","1515"
"785","1530"
"785","1546"
"785","1608"
"785","2748"
"785","2859"
"785","2861"
"785","3828"
"785","3835"
"785","4499"
"785","4500"
"785","4502"
"785","4503"
"785","4504"
"785","4505"
"785","4506"
"785","4507"
"785","4508"
"785","4509"
"785","4510"
"785","4511"
"785","4529"
"785","4530"
"786","29"
"786","92"
"786","752"
"786","1008"
"786","1106"
"786","1124"
"786","1515"
"786","1528"
"786","1640"
"786","2413"
"786","2415"
"786","2418"
"786","2419"
"786","2436"
"786","3280"
"786","4000"
"786","4106"
"786","4113"
"786","4117"
"786","4119"
"786","4124"
"786","4129"
"786","4132"
"786","4138"
"786","4514"
"786","4515"
"786","4516"
"786","4517"
"786","4518"
"786","4519"
"786","4520"
"786","4521"
"786","4522"
"786","4523"
"786","4524"
"786","4525"
"786","4526"
"786","4527"
"787","186"
"793","93"
"793","133"
"793","170"
"793","174"
"793","309"
"793","335"
"793","352"
"793","355"
"793","415"
"793","669"
"793","724"
"793","751"
"793","924"
"793","982"
"793","1025"
"793","1030"
"793","1041"
"793","1124"
"793","1446"
"793","1940"
"793","1948"
"793","1961"
"793","1966"
"793","1985"
"793","1991"
"793","2272"
"793","2822"
"793","3606"
"793","4572"
"793","4573"
"793","4574"
"793","4575"
"793","4576"
"793","4577"
"795","1124"
"795","1185"
"795","1286"
"795","2198"
"795","3479"
"795","3481"
"795","3861"
"795","4366"
"795","4394"
"795","4396"
"795","4402"
"795","4403"
"795","4405"
"795","4408"
"795","4547"
"795","4548"
"795","4549"
"795","4550"
"795","4552"
"795","4553"
"795","4555"
"795","4556"
"795","4559"
"795","4562"
"796","632"
"796","1124"
"796","1654"
"796","1658"
"796","1661"
"796","1696"
"796","1708"
"796","1711"
"796","1714"
"796","3673"
"796","3684"
"796","4595"
"796","4624"
"796","4625"
"796","4626"
"796","4627"
"796","4628"
"796","4629"
"796","4630"
"796","4631"
"796","4632"
"796","4633"
"796","4634"
"796","4635"
"796","4636"
"796","4637"
"796","4638"
"796","4639"
"796","4640"
"796","4641"
"796","4642"
"796","4643"
"796","4644"
"796","4645"
"796","4647"
"796","4648"
"796","4649"
"796","4650"
"797","4157"
"797","4563"
"797","4564"
"797","4565"
"797","4566"
"797","4567"
"797","4568"
"797","4569"
"797","4570"
"797","4571"
"800","25"
"800","92"
"800","95"
"800","404"
"800","713"
"800","1542"
"800","1946"
"800","2859"
"800","3577"
"800","3972"
"800","4508"
"800","4595"
"800","4651"
"800","4652"
"800","4653"
"800","4654"
"800","4655"
"800","4656"
"800","4658"
"800","4659"
"800","4660"
"800","4661"
"800","4662"
"800","4663"
"800","4664"
"800","4665"
"800","4671"
"800","4673"
"800","4674"
"801","2263"
"801","2531"
"801","4578"
"801","4579"
"801","4580"
"801","4581"
"801","4582"
"801","4583"
"801","4584"
"801","4585"
"801","4586"
"801","4591"
"802","724"
"802","756"
"802","766"
"802","771"
"802","772"
"802","923"
"802","924"
"802","982"
"802","987"
"802","996"
"802","1030"
"802","1041"
"802","1089"
"802","1095"
"802","2123"
"802","2571"
"802","2611"
"802","3242"
"802","3280"
"802","4595"
"802","4694"
"802","4695"
"802","4697"
"802","4698"
"802","4699"
"802","4702"
"802","4703"
"802","4706"
"802","4707"
"802","4708"
"802","4709"
"802","4710"
"802","4712"
"802","4713"
"802","4714"
"802","4715"
"802","4716"
"802","4719"
"802","4721"
"802","4722"
"802","4723"
"803","4598"
"803","4599"
"803","4600"
"803","4601"
"803","4602"
"803","4603"
"803","4604"
"803","4605"
"803","4606"
"803","4607"
"803","4608"
"803","4609"
"803","4610"
"803","4611"
"803","4612"
"803","4613"
"803","4614"
"803","4615"
"803","4616"
"803","4618"
"803","4619"
"803","4620"
"803","4621"
"803","4623"
"805","4587"
"805","4588"
"805","4589"
"805","4590"
"805","4828"
"805","4829"
"805","4830"
"805","4831"
"805","4832"
"805","4833"
"805","4834"
"805","4835"
"805","4836"
"805","4837"
"805","4838"
"805","4839"
"805","4843"
"805","4844"
"805","4845"
"805","4860"
"805","4861"
"805","4862"
"805","4869"
"805","4870"
"805","4871"
"806","1451"
"806","1481"
"806","1510"
"806","1520"
"806","1526"
"806","1577"
"806","1581"
"806","1584"
"806","2531"
"806","2624"
"806","2627"
"806","2638"
"806","2644"
"806","2684"
"806","3090"
"806","3767"
"806","4075"
"806","4076"
"806","4462"
"806","4569"
"806","4592"
"806","4593"
"806","4595"
"806","4728"
"806","4729"
"806","4730"
"806","4733"
"806","4736"
"806","4737"
"806","4738"
"806","4739"
"806","4740"
"806","4741"
"808","21"
"808","25"
"808","29"
"808","45"
"808","95"
"808","1421"
"808","1546"
"808","1560"
"808","1582"
"808","2035"
"808","2330"
"808","2748"
"808","2859"
"808","3561"
"808","3835"
"808","4506"
"808","4511"
"808","4675"
"808","4676"
"808","4677"
"808","4678"
"808","4679"
"808","4680"
"808","4681"
"808","4682"
"808","4683"
"808","4684"
"808","4686"
"808","4687"
"810","3942"
"810","3961"
"810","4688"
"810","4689"
"810","4690"
"810","4691"
"810","4692"
"810","4724"
"810","4725"
"810","4726"
"810","4731"
"810","4750"
"810","4751"
"810","4752"
"810","4754"
"810","4755"
"810","4808"
"810","4809"
"810","4811"
"810","4812"
"810","4814"
"810","4816"
"810","4818"
"810","4819"
"810","4820"
"810","4821"
"810","4822"
"810","4823"
"810","4825"
"810","4827"
"810","4840"
"810","4858"
"812","16"
"812","46"
"812","120"
"812","1211"
"812","1395"
"812","1576"
"812","1577"
"812","1584"
"812","2253"
"812","2255"
"812","2256"
"812","2637"
"812","2642"
"812","3522"
"812","3542"
"812","4080"
"812","4595"
"812","4733"
"812","4842"
"812","4859"
"812","4872"
"812","4931"
"812","4933"
"812","4935"
"812","4936"
"813","1732"
"813","3595"
"813","4757"
"813","4759"
"813","4764"
"813","4766"
"813","4768"
"813","4770"
"813","4773"
"813","4774"
"813","4778"
"813","4786"
"813","4790"
"813","4792"
"813","4794"
"813","4795"
"813","4796"
"813","4797"
"813","4798"
"813","4799"
"813","4800"
"813","4801"
"813","4802"
"813","4803"
"813","4804"
"813","4805"
"813","4806"
"814","1366"
"814","1566"
"814","4146"
"814","4147"
"814","4152"
"814","4160"
"814","4163"
"814","4169"
"814","4285"
"814","4567"
"814","4889"
"814","4890"
"814","4891"
"814","4892"
"814","4894"
"814","4905"
"814","4906"
"814","4907"
"814","4908"
"814","4909"
"814","4910"
"814","4912"
"814","4913"
"814","4914"
"814","4915"
"816","1185"
"816","1286"
"816","1820"
"816","2193"
"816","2194"
"816","2198"
"816","3362"
"816","3486"
"816","4393"
"816","4399"
"816","4405"
"816","4406"
"816","4554"
"816","4556"
"816","4846"
"816","4848"
"816","4849"
"816","4850"
"816","4851"
"816","4852"
"816","4853"
"816","4854"
"816","4855"
"816","4856"
"816","4857"
"816","4873"
"817","806"
"817","807"
"817","2997"
"817","3003"
"817","3020"
"817","3025"
"817","3026"
"817","3031"
"817","3040"
"817","3045"
"817","3048"
"817","3053"
"817","4874"
"817","4875"
"817","4876"
"817","4877"
"817","4878"
"817","4879"
"817","4880"
"817","4881"
"817","4882"
"817","4883"
"817","4884"
"817","4885"
"817","4886"
"817","4887"
"817","4888"
"818","800"
"818","801"
"818","1145"
"818","1178"
"818","1179"
"818","1182"
"818","1184"
"818","1251"
"818","2214"
"818","2216"
"818","3429"
"818","3430"
"818","3432"
"818","3433"
"818","3434"
"818","3438"
"818","3447"
"818","3448"
"818","3451"
"818","3453"
"818","3454"
"818","3931"
"818","4453"
"818","4459"
"818","4460"
"818","4462"
"818","4463"
"818","4476"
"818","4863"
"818","4864"
"818","4865"
"818","4866"
"818","4867"
"818","4868"
"820","25"
"820","92"
"820","1008"
"820","2141"
"820","2168"
"820","3150"
"820","3793"
"820","4895"
"820","4896"
"820","4897"
"820","4898"
"820","4899"
"820","4900"
"820","4903"
"820","4904"
"822","4243"
"822","4937"
"822","4938"
"822","4939"
"822","4940"
"822","4941"
"822","4942"
"822","4943"
"822","4944"
"822","4945"
"822","4946"
"825","309"
"825","355"
"825","706"
"825","714"
"825","987"
"825","995"
"825","1047"
"825","1342"
"825","1713"
"825","1763"
"825","1966"
"825","2375"
"825","2569"
"825","2813"
"825","2818"
"825","2821"
"825","2825"
"825","2827"
"825","2830"
"825","2832"
"825","2847"
"825","2849"
"825","4371"
"825","4595"
"825","4952"
"825","4953"
"825","4955"
"825","4957"
"826","160"
"826","889"
"826","1132"
"826","1159"
"826","2104"
"826","2377"
"826","2519"
"826","5502"
"826","5503"
"826","5504"
"826","5506"
"826","5509"
"826","5510"
"826","5512"
"826","5513"
"826","5517"
"826","5518"
"826","5520"
"827","2141"
"827","2160"
"827","2166"
"827","3153"
"827","3328"
"827","4897"
"827","4899"
"827","4901"
"827","4903"
"827","4979"
"827","4980"
"827","4981"
"827","4982"
"827","4983"
"827","4984"
"828","1124"
"828","2193"
"828","2195"
"828","2198"
"828","2217"
"828","3612"
"828","3861"
"828","4395"
"828","4400"
"828","4408"
"828","4554"
"828","4958"
"828","4960"
"828","4961"
"828","4963"
"828","4964"
"828","4970"
"828","4971"
"828","4972"
"829","2"
"829","291"
"829","332"
"829","335"
"829","393"
"829","405"
"829","411"
"829","838"
"829","1053"
"829","1124"
"829","1543"
"829","1632"
"829","1670"
"829","2131"
"829","4703"
"829","5013"
"829","5014"
"829","5015"
"829","5016"
"829","5017"
"831","1124"
"831","1286"
"831","2195"
"831","3487"
"831","3612"
"831","3860"
"831","3861"
"831","4064"
"831","4068"
"831","4395"
"831","4398"
"831","4402"
"831","4408"
"831","4559"
"831","4964"
"831","4972"
"831","4985"
"831","4986"
"831","4987"
"831","4988"
"831","4989"
"831","4990"
"831","4991"
"831","4992"
"831","4993"
"831","4996"
"831","4998"
"831","5001"
"832","25"
"832","133"
"832","147"
"832","174"
"832","349"
"832","1081"
"832","1446"
"832","1530"
"832","1754"
"832","2748"
"832","3491"
"832","4511"
"832","4595"
"832","4658"
"832","4665"
"832","4675"
"832","4682"
"832","4949"
"832","4951"
"832","4975"
"832","4976"
"832","4977"
"832","4978"
"833","1124"
"833","1729"
"833","3748"
"833","4583"
"833","5138"
"833","5140"
"833","5142"
"833","5143"
"833","5144"
"833","5212"
"833","5234"
"833","5235"
"833","5236"
"833","5237"
"833","5238"
"833","5239"
"833","5240"
"833","5241"
"833","5242"
"833","5243"
"833","5245"
"833","5246"
"833","5250"
"835","1481"
"835","1510"
"835","1520"
"835","2259"
"835","2531"
"835","3520"
"835","3539"
"835","4080"
"835","4363"
"835","4365"
"835","4489"
"835","4583"
"835","5002"
"835","5003"
"835","5005"
"835","5006"
"835","5008"
"835","5009"
"835","5010"
"835","5011"
"836","778"
"836","891"
"836","2678"
"836","3172"
"836","5154"
"836","5155"
"836","5156"
"836","5157"
"836","5158"
"836","5159"
"836","5160"
"836","5162"
"836","5163"
"836","5164"
"836","5165"
"836","5166"
"836","5167"
"836","5168"
"836","5169"
"836","5170"
"836","5171"
"836","5172"
"836","5173"
"836","5174"
"836","5353"
"837","630"
"837","1022"
"837","1173"
"837","1180"
"837","1219"
"837","1307"
"837","1320"
"837","1412"
"837","1920"
"837","2484"
"837","2523"
"837","5280"
"837","5313"
"837","5316"
"837","5318"
"837","5319"
"837","5321"
"837","5322"
"837","5325"
"837","5326"
"837","5328"
"837","5329"
"837","5331"
"837","5332"
"838","816"
"838","1124"
"838","1606"
"838","1801"
"838","2509"
"838","3183"
"838","5014"
"838","5175"
"838","5176"
"838","5177"
"838","5179"
"838","5180"
"838","5182"
"838","5183"
"838","5184"
"838","5185"
"838","5186"
"838","5187"
"838","5190"
"838","5191"
"838","5192"
"838","5195"
"838","5196"
"838","5197"
"838","5201"
"838","5202"
"838","5203"
"838","5206"
"838","5207"
"838","5208"
"838","5209"
"838","5210"
"838","5211"
"838","5213"
"838","5214"
"838","5215"
"838","5216"
"838","5217"
"838","5218"
"838","5219"
"838","5220"
"838","5221"
"838","5222"
"838","5223"
"838","5224"
"838","5251"
"838","5252"
"839","25"
"839","45"
"839","92"
"839","138"
"839","404"
"839","1081"
"839","1555"
"839","1618"
"839","2860"
"839","3577"
"839","4658"
"839","4665"
"839","4672"
"839","4679"
"839","5113"
"839","5114"
"839","5115"
"839","5116"
"839","5117"
"839","5118"
"839","5119"
"839","5120"
"839","5121"
"839","5122"
"839","5123"
"839","5124"
"841","5042"
"841","5045"
"841","5046"
"841","5047"
"841","5048"
"841","5049"
"841","5052"
"841","5054"
"841","5058"
"841","5059"
"841","5061"
"841","5065"
"841","5067"
"841","5070"
"841","5071"
"841","5072"
"841","5076"
"841","5077"
"842","1187"
"842","1420"
"842","2525"
"842","5080"
"842","5081"
"842","5082"
"842","5083"
"842","5084"
"842","5085"
"842","5086"
"842","5087"
"842","5088"
"842","5089"
"842","5090"
"842","5091"
"842","5093"
"842","5094"
"842","5095"
"842","5096"
"842","5097"
"842","5098"
"842","5099"
"842","5100"
"842","5101"
"842","5102"
"842","5103"
"842","5104"
"842","5105"
"842","5106"
"842","5107"
"842","5108"
"842","5109"
"842","5110"
"842","5111"
"842","5351"
"843","1139"
"843","3612"
"843","4064"
"843","4068"
"843","4398"
"843","4406"
"843","4972"
"843","5125"
"843","5126"
"843","5127"
"843","5128"
"843","5129"
"843","5130"
"843","5131"
"843","5132"
"843","5133"
"843","5134"
"843","5135"
"843","5136"
"843","5137"
"844","4754"
"844","4774"
"844","4780"
"844","4794"
"844","4807"
"844","4826"
"844","5253"
"844","5254"
"844","5255"
"844","5256"
"844","5257"
"844","5258"
"844","5261"
"844","5262"
"844","5263"
"844","5309"
"844","5310"
"844","5339"
"845","813"
"845","5019"
"845","5020"
"845","5021"
"845","5022"
"845","5024"
"845","5025"
"845","5026"
"845","5027"
"845","5028"
"845","5029"
"845","5031"
"845","5032"
"845","5034"
"845","5037"
"845","5038"
"845","5039"
"845","5040"
"845","5041"
"845","5079"
"846","1632"
"846","2506"
"846","5268"
"846","5270"
"846","5271"
"846","5274"
"846","5275"
"846","5276"
"846","5277"
"846","5278"
"846","5279"
"846","5281"
"846","5283"
"846","5284"
"846","5285"
"846","5288"
"846","5289"
"846","5290"
"846","5291"
"846","5292"
"846","5349"
"846","5350"
"847","801"
"847","1159"
"847","1179"
"847","1182"
"847","2212"
"847","3434"
"847","3437"
"847","3446"
"847","3447"
"847","3449"
"847","3450"
"847","3453"
"847","3454"
"847","3935"
"847","4455"
"847","4458"
"847","4469"
"847","4474"
"847","4475"
"847","5264"
"847","5265"
"847","5354"
"849","291"
"849","1662"
"849","2115"
"849","2116"
"849","2143"
"849","5293"
"849","5295"
"849","5297"
"849","5300"
"849","5305"
"849","5306"
"849","5307"
"850","2"
"850","287"
"850","291"
"850","783"
"850","787"
"850","788"
"850","1985"
"850","2595"
"850","4202"
"850","5225"
"850","5226"
"850","5227"
"850","5228"
"850","5230"
"850","5231"
"850","5232"
"850","5233"
"851","35"
"851","133"
"851","174"
"851","410"
"851","823"
"851","958"
"851","1041"
"851","1091"
"851","1243"
"851","1342"
"851","1399"
"851","1402"
"851","1446"
"851","1940"
"851","1982"
"851","1985"
"851","2118"
"851","2372"
"851","2595"
"851","2979"
"851","2984"
"851","3107"
"851","3264"
"851","3490"
"851","4478"
"851","4523"
"851","4573"
"851","4577"
"851","5340"
"851","5341"
"851","5342"
"851","5343"
"851","5346"
"851","5352"
"852","629"
"852","632"
"852","762"
"852","1654"
"852","1658"
"852","1661"
"852","1700"
"852","1708"
"852","1714"
"852","3672"
"852","3673"
"852","3677"
"852","3683"
"852","4629"
"852","4639"
"852","4640"
"852","4648"
"852","4650"
"852","5443"
"852","5444"
"852","5447"
"852","5448"
"852","5449"
"852","5453"
"852","5454"
"852","5455"
"852","5456"
"852","5457"
"852","5458"
"852","5488"
"852","5489"
"852","5490"
"852","5491"
"852","5492"
"852","5493"
"853","4146"
"853","4169"
"853","4485"
"853","5468"
"853","5469"
"853","5470"
"853","5471"
"853","5472"
"853","5473"
"853","5474"
"853","5475"
"853","5476"
"853","5478"
"853","5479"
"853","5480"
"853","5481"
"853","5482"
"853","5483"
"853","5484"
"853","5485"
"853","5486"
"853","5494"
"853","5495"
"853","5496"
"853","5497"
"853","5498"
"853","5542"
"853","5543"
"854","230"
"854","5027"
"854","5040"
"854","5355"
"854","5356"
"854","5358"
"854","5359"
"854","5360"
"854","5361"
"854","5362"
"854","5363"
"854","5364"
"854","5365"
"854","5367"
"854","5369"
"854","5370"
"854","5374"
"854","5375"
"854","5377"
"855","4927"
"855","5522"
"855","5524"
"855","5525"
"855","5526"
"855","5527"
"855","5528"
"855","5530"
"855","5531"
"855","5532"
"855","5533"
"855","5534"
"855","5535"
"855","5536"
"855","5537"
"855","5538"
"855","5539"
"855","5540"
"855","5541"
"856","125"
"856","291"
"856","1211"
"856","1231"
"856","2253"
"856","2520"
"856","2524"
"856","5544"
"856","5545"
"856","5546"
"856","5547"
"856","5548"
"856","5549"
"856","5550"
"856","5551"
"856","5552"
"856","5553"
"857","1767"
"857","2168"
"857","3070"
"857","3793"
"857","4899"
"857","4903"
"857","4983"
"857","5406"
"857","5412"
"857","5450"
"857","5451"
"857","5452"
"858","25"
"858","93"
"858","147"
"858","174"
"858","1069"
"858","1081"
"858","1365"
"858","1582"
"858","2863"
"858","3577"
"858","3972"
"858","4652"
"858","4658"
"858","4733"
"858","4951"
"858","5010"
"858","5122"
"858","5459"
"858","5460"
"858","5461"
"858","5462"
"858","5463"
"858","5466"
"858","5467"
"861","185"
"861","1124"
"861","1286"
"861","2198"
"861","3492"
"861","3612"
"861","3860"
"861","4064"
"861","4396"
"861","4402"
"861","4405"
"861","4555"
"861","5145"
"861","5555"
"861","5556"
"861","5559"
"862","5378"
"862","5381"
"862","5385"
"862","5388"
"862","5391"
"862","5395"
"862","5396"
"863","49"
"863","110"
"863","1836"
"863","2042"
"863","2044"
"863","2045"
"863","2046"
"863","3852"
"863","5333"
"863","5606"
"863","5607"
"863","5608"
"863","5609"
"863","5610"
"863","5611"
"863","5612"
"863","5613"
"863","5614"
"863","5615"
"863","5616"
"863","5617"
"864","25"
"864","67"
"864","404"
"864","1069"
"864","1124"
"864","1530"
"864","1576"
"864","1584"
"864","2859"
"864","2860"
"864","3577"
"864","4511"
"864","4665"
"864","4951"
"864","4975"
"864","4976"
"864","4977"
"864","5123"
"864","5646"
"864","5647"
"864","5648"
"864","5649"
"864","5650"
"864","5651"
"864","5653"
"864","5654"
"864","5655"
"865","750"
"865","850"
"865","930"
"865","1479"
"865","1666"
"865","2118"
"865","2595"
"865","3066"
"865","3497"
"865","5262"
"865","5594"
"865","5595"
"865","5596"
"865","5597"
"865","5598"
"865","5599"
"865","5600"
"865","5601"
"865","5602"
"865","5604"
"865","5605"
"867","242"
"867","291"
"867","327"
"867","335"
"867","891"
"867","958"
"867","1110"
"867","1111"
"867","1124"
"867","1364"
"867","1507"
"867","1634"
"867","2663"
"867","3459"
"867","3461"
"867","3462"
"867","3471"
"867","3909"
"867","5340"
"867","5635"
"867","5636"
"867","5638"
"867","5639"
"867","5640"
"867","5643"
"868","2198"
"868","3475"
"868","4064"
"868","4366"
"868","4398"
"868","4400"
"868","4555"
"868","4963"
"868","5618"
"868","5620"
"868","5621"
"868","5622"
"868","5624"
"868","5626"
"868","5628"
"868","5629"
"868","5631"
"868","5632"
"868","5633"
"868","5634"
"869","1124"
"869","1420"
"869","1510"
"869","2160"
"869","4739"
"869","5045"
"869","5553"
"869","5561"
"869","5563"
"869","5564"
"869","5565"
"869","5566"
"869","5567"
"869","5569"
"869","5570"
"869","5578"
"869","5579"
"869","5580"
"869","5581"
"869","5582"
"869","5584"
"869","5585"
"869","5587"
"869","5591"
"869","5592"
"870","318"
"870","1543"
"870","2695"
"870","5188"
"870","5656"
"870","5658"
"870","5659"
"870","5660"
"870","5661"
"870","5662"
"870","5663"
"870","5665"
"870","5667"
"870","5677"
